{
	"format_version": "1.21.6",
	"credit": "Made with Blockbench",
	"texture_size": [48, 48],
	"textures": {
		"0": "item/decorations/antique/antique_double_table",
		"particle": "item/decorations/antique/antique_double_table"
	},
	"elements": [
		{
			"from": [14, 0, 1],
			"to": [15, 8, 2],
			"faces": {
				"north": {"uv": [0, 7.33333, 0.33333, 10], "texture": "#0"},
				"east": {"uv": [0, 7.33333, 0.33333, 10], "texture": "#0"},
				"south": {"uv": [0, 7.33333, 0.33333, 10], "texture": "#0"},
				"west": {"uv": [0, 7.33333, 0.33333, 10], "texture": "#0"},
				"up": {"uv": [0, 0, 0.33333, 0.33333], "texture": "#0"},
				"down": {"uv": [0, 7.33333, 0.33333, 7.66667], "texture": "#0"}
			}
		},
		{
			"from": [14, 0, 14],
			"to": [15, 8, 15],
			"faces": {
				"north": {"uv": [0, 7.33333, 0.33333, 10], "texture": "#0"},
				"east": {"uv": [0, 7.33333, 0.33333, 10], "texture": "#0"},
				"south": {"uv": [0, 7.33333, 0.33333, 10], "texture": "#0"},
				"west": {"uv": [0, 7.33333, 0.33333, 10], "texture": "#0"},
				"up": {"uv": [0, 0, 0.33333, 0.33333], "texture": "#0"},
				"down": {"uv": [0, 7.33333, 0.33333, 7.66667], "texture": "#0"}
			}
		},
		{
			"from": [-15, 0, 14],
			"to": [-14, 8, 15],
			"faces": {
				"north": {"uv": [0, 7.33333, 0.33333, 10], "texture": "#0"},
				"east": {"uv": [0, 7.33333, 0.33333, 10], "texture": "#0"},
				"south": {"uv": [0, 7.33333, 0.33333, 10], "texture": "#0"},
				"west": {"uv": [0, 7.33333, 0.33333, 10], "texture": "#0"},
				"up": {"uv": [0, 0, 0.33333, 0.33333], "texture": "#0"},
				"down": {"uv": [0, 7.33333, 0.33333, 7.66667], "texture": "#0"}
			}
		},
		{
			"from": [-15, 0, 1],
			"to": [-14, 8, 2],
			"faces": {
				"north": {"uv": [0, 7.33333, 0.33333, 10], "texture": "#0"},
				"east": {"uv": [0, 7.33333, 0.33333, 10], "texture": "#0"},
				"south": {"uv": [0, 7.33333, 0.33333, 10], "texture": "#0"},
				"west": {"uv": [0, 7.33333, 0.33333, 10], "texture": "#0"},
				"up": {"uv": [0, 0, 0.33333, 0.33333], "texture": "#0"},
				"down": {"uv": [0, 7.33333, 0.33333, 7.66667], "texture": "#0"}
			}
		},
		{
			"from": [14, 2, 2],
			"to": [15, 3, 14],
			"faces": {
				"north": {"uv": [0, 0, 0.33333, 0.33333], "texture": "#0"},
				"east": {"uv": [0.33333, 7.33333, 4.33333, 7.66667], "texture": "#0"},
				"south": {"uv": [0, 0, 0.33333, 0.33333], "texture": "#0"},
				"west": {"uv": [0.33333, 7.33333, 4.33333, 7.66667], "texture": "#0"},
				"up": {"uv": [0.33333, 7.33333, 4.33333, 7.66667], "rotation": 90, "texture": "#0"},
				"down": {"uv": [0.33333, 7.33333, 4.33333, 7.66667], "rotation": 90, "texture": "#0"}
			}
		},
		{
			"from": [-15, 2, 2],
			"to": [-14, 3, 14],
			"faces": {
				"north": {"uv": [0, 0, 0.33333, 0.33333], "texture": "#0"},
				"east": {"uv": [0.33333, 7.33333, 4.33333, 7.66667], "texture": "#0"},
				"south": {"uv": [0, 0, 0.33333, 0.33333], "texture": "#0"},
				"west": {"uv": [0.33333, 7.33333, 4.33333, 7.66667], "texture": "#0"},
				"up": {"uv": [0.33333, 7.33333, 4.33333, 7.66667], "rotation": 90, "texture": "#0"},
				"down": {"uv": [0.33333, 7.33333, 4.33333, 7.66667], "rotation": 90, "texture": "#0"}
			}
		},
		{
			"from": [-14, 2, 7.5],
			"to": [14, 3, 8.5],
			"faces": {
				"north": {"uv": [0, 15.66667, 9.33333, 16], "texture": "#0"},
				"east": {"uv": [0, 0, 0.33333, 0.33333], "texture": "#0"},
				"south": {"uv": [0, 15.66667, 9.33333, 16], "texture": "#0"},
				"west": {"uv": [0, 0, 0.33333, 0.33333], "texture": "#0"},
				"up": {"uv": [0, 15.66667, 9.33333, 16], "texture": "#0"},
				"down": {"uv": [0, 15.66667, 9.33333, 16], "texture": "#0"}
			}
		},
		{
			"from": [-16, 14, 0],
			"to": [16, 16, 16],
			"faces": {
				"north": {"uv": [0, 0, 10.66667, 0.66667], "texture": "#0"},
				"east": {"uv": [0, 0, 0.66667, 5.33333], "rotation": 90, "texture": "#0"},
				"south": {"uv": [0, 0, 10.66667, 0.66667], "texture": "#0"},
				"west": {"uv": [0, 0, 0.66667, 5.33333], "rotation": 90, "texture": "#0"},
				"up": {"uv": [0, 0, 10.66667, 5.33333], "texture": "#0"},
				"down": {"uv": [0, 0, 10.66667, 5.33333], "texture": "#0"}
			}
		},
		{
			"from": [-7, 11, 1],
			"to": [7, 14, 15],
			"faces": {
				"north": {"uv": [11.33333, 4.66667, 16, 5.66667], "texture": "#0"},
				"east": {"uv": [11.33333, 4.66667, 16, 5.66667], "texture": "#0"},
				"south": {"uv": [11.33333, 4.66667, 16, 5.66667], "texture": "#0"},
				"west": {"uv": [11.33333, 4.66667, 16, 5.66667], "texture": "#0"},
				"up": {"uv": [11.33333, 0, 16, 4.66667], "texture": "#0"},
				"down": {"uv": [11.33333, 0, 16, 4.66667], "texture": "#0"}
			}
		},
		{
			"from": [-15, 8, 1],
			"to": [-7, 14, 15],
			"faces": {
				"north": {"uv": [0, 5.33333, 2.66667, 7.33333], "texture": "#0"},
				"east": {"uv": [2.66667, 5.33333, 7.33333, 7.33333], "texture": "#0"},
				"south": {"uv": [7.33333, 5.33333, 10, 7.33333], "texture": "#0"},
				"west": {"uv": [2.66667, 5.33333, 7.33333, 7.33333], "texture": "#0"},
				"up": {"uv": [0, 0, 2.66667, 4.66667], "texture": "#missing"},
				"down": {"uv": [0, 7.33333, 4.66667, 10], "rotation": 90, "texture": "#0"}
			}
		},
		{
			"from": [7, 8, 1],
			"to": [15, 14, 15],
			"faces": {
				"north": {"uv": [0, 5.33333, 2.66667, 7.33333], "texture": "#0"},
				"east": {"uv": [2.66667, 5.33333, 7.33333, 7.33333], "texture": "#0"},
				"south": {"uv": [7.33333, 5.33333, 10, 7.33333], "texture": "#0"},
				"west": {"uv": [2.66667, 5.33333, 7.33333, 7.33333], "texture": "#0"},
				"up": {"uv": [0, 0, 2.66667, 4.66667], "texture": "#missing"},
				"down": {"uv": [0, 7.33333, 4.66667, 10], "rotation": 90, "texture": "#0"}
			}
		},
		{
			"from": [-1, 12, 0.75],
			"to": [1, 13, 0.75],
			"faces": {
				"north": {"uv": [10.66667, 0, 11.33333, 0.33333], "texture": "#0"},
				"east": {"uv": [0, 0, 0, 0.33333], "texture": "#missing"},
				"south": {"uv": [10.66667, 0, 11.33333, 0.33333], "texture": "#0"},
				"west": {"uv": [0, 0, 0, 0.33333], "texture": "#missing"},
				"up": {"uv": [0, 0, 0.66667, 0], "texture": "#missing"},
				"down": {"uv": [0, 0, 0.66667, 0], "texture": "#missing"}
			}
		},
		{
			"from": [10, 10, 0.75],
			"to": [12, 11, 0.75],
			"faces": {
				"north": {"uv": [10.66667, 0, 11.33333, 0.33333], "texture": "#0"},
				"east": {"uv": [0, 0, 0, 0.33333], "texture": "#missing"},
				"south": {"uv": [10.66667, 0, 11.33333, 0.33333], "texture": "#0"},
				"west": {"uv": [0, 0, 0, 0.33333], "texture": "#missing"},
				"up": {"uv": [0, 0, 0.66667, 0], "texture": "#missing"},
				"down": {"uv": [0, 0, 0.66667, 0], "texture": "#missing"}
			}
		},
		{
			"from": [-12, 10, 0.75],
			"to": [-10, 11, 0.75],
			"faces": {
				"north": {"uv": [10.66667, 0, 11.33333, 0.33333], "texture": "#0"},
				"east": {"uv": [0, 0, 0, 0.33333], "texture": "#missing"},
				"south": {"uv": [10.66667, 0, 11.33333, 0.33333], "texture": "#0"},
				"west": {"uv": [0, 0, 0, 0.33333], "texture": "#missing"},
				"up": {"uv": [0, 0, 0.66667, 0], "texture": "#missing"},
				"down": {"uv": [0, 0, 0.66667, 0], "texture": "#missing"}
			}
		}
	],
	"display": {
		"thirdperson_righthand": {
			"translation": [2.5, 0, 0],
			"scale": [0.3, 0.3, 0.3]
		},
		"thirdperson_lefthand": {
			"translation": [-2.5, 0, 0],
			"scale": [0.3, 0.3, 0.3]
		},
		"firstperson_righthand": {
			"rotation": [0, 90, 0],
			"translation": [0, 0, -4.75],
			"scale": [0.3, 0.3, 0.3]
		},
		"firstperson_lefthand": {
			"rotation": [0, 90, 0],
			"scale": [0.3, 0.3, 0.3]
		},
		"ground": {
			"translation": [1.5, 4, 0],
			"scale": [0.2, 0.2, 0.2]
		},
		"gui": {
			"rotation": [30, 135, 0],
			"translation": [-2.25, 0.5, 0],
			"scale": [0.4, 0.4, 0.4]
		},
		"head": {
			"scale": [0, 0, 0]
		},
		"fixed": {
			"rotation": [-90, 0, 0],
			"translation": [0, 0, -16],
			"scale": [2, 2, 2]
		}
	}
}