{
	"format_version": "1.21.6",
	"credit": "Made with Blockbench",
	"texture_size": [64, 64],
	"textures": {
		"0": "item/decorations/modern/server_hosting",
		"1": "item/decorations/modern/lights_1",
		"2": "item/decorations/modern/lights_2",
		"3": "item/decorations/modern/red_signal",
		"particle": "item/decorations/modern/server_hosting"
	},
	"elements": [
		{
			"from": [1, -5, 15],
			"to": [15, 32, 16],
			"faces": {
				"north": {"uv": [0.25, 0, 3.75, 9.25], "texture": "#0"},
				"east": {"uv": [15.75, 15.75, 16, 16], "texture": "#0"},
				"south": {"uv": [0.25, 0, 3.75, 9.25], "texture": "#0"},
				"west": {"uv": [15.75, 15.75, 16, 16], "texture": "#0"},
				"up": {"uv": [0.25, 0, 3.75, 0.25], "texture": "#0"},
				"down": {"uv": [0.25, 0, 3.75, 0.25], "texture": "#0"}
			}
		},
		{
			"from": [1, 31, 0],
			"to": [15, 32, 15],
			"faces": {
				"north": {"uv": [0.25, 0, 3.75, 0.25], "texture": "#0"},
				"east": {"uv": [15.75, 15.75, 16, 16], "texture": "#0"},
				"south": {"uv": [15.75, 15.75, 16, 16], "texture": "#0"},
				"west": {"uv": [15.75, 15.75, 16, 16], "texture": "#0"},
				"up": {"uv": [4, 0, 7.5, 3.75], "texture": "#0"},
				"down": {"uv": [4, 0, 7.5, 3.75], "texture": "#0"}
			}
		},
		{
			"from": [1, -5, 0],
			"to": [15, -4, 15],
			"faces": {
				"north": {"uv": [0.25, 9, 3.75, 9.25], "texture": "#0"},
				"east": {"uv": [15.75, 15.75, 16, 16], "texture": "#0"},
				"south": {"uv": [15.75, 15.75, 16, 16], "texture": "#0"},
				"west": {"uv": [15.75, 15.75, 16, 16], "texture": "#0"},
				"up": {"uv": [4, 0, 7.5, 3.75], "texture": "#0"},
				"down": {"uv": [4, 0.25, 7.5, 4], "texture": "#0"}
			}
		},
		{
			"from": [1, 7.5, 1],
			"to": [15, 8, 15],
			"faces": {
				"north": {"uv": [0.25, 9, 3.75, 9.25], "texture": "#0"},
				"east": {"uv": [15.75, 15.75, 16, 16], "texture": "#0"},
				"south": {"uv": [15.75, 15.75, 16, 16], "texture": "#0"},
				"west": {"uv": [15.75, 15.75, 16, 16], "texture": "#0"},
				"up": {"uv": [4, 0, 7.5, 3.5], "texture": "#0"},
				"down": {"uv": [4, 0, 7.5, 3.5], "texture": "#0"}
			}
		},
		{
			"from": [1, 1.5, 1],
			"to": [15, 2, 15],
			"faces": {
				"north": {"uv": [0.25, 9, 3.75, 9.25], "texture": "#0"},
				"east": {"uv": [15.75, 15.75, 16, 16], "texture": "#0"},
				"south": {"uv": [15.75, 15.75, 16, 16], "texture": "#0"},
				"west": {"uv": [15.75, 15.75, 16, 16], "texture": "#0"},
				"up": {"uv": [4, 0, 7.5, 3.5], "texture": "#0"},
				"down": {"uv": [4, 0, 7.5, 3.5], "texture": "#0"}
			}
		},
		{
			"from": [1, 13.5, 1],
			"to": [15, 14, 15],
			"faces": {
				"north": {"uv": [0.25, 9, 3.75, 9.25], "texture": "#0"},
				"east": {"uv": [15.75, 15.75, 16, 16], "texture": "#0"},
				"south": {"uv": [15.75, 15.75, 16, 16], "texture": "#0"},
				"west": {"uv": [15.75, 15.75, 16, 16], "texture": "#0"},
				"up": {"uv": [4, 0, 7.5, 3.5], "texture": "#0"},
				"down": {"uv": [4, 0, 7.5, 3.5], "texture": "#0"}
			}
		},
		{
			"from": [1, 19.5, 1],
			"to": [15, 20, 15],
			"faces": {
				"north": {"uv": [0.25, 9, 3.75, 9.25], "texture": "#0"},
				"east": {"uv": [15.75, 15.75, 16, 16], "texture": "#0"},
				"south": {"uv": [15.75, 15.75, 16, 16], "texture": "#0"},
				"west": {"uv": [15.75, 15.75, 16, 16], "texture": "#0"},
				"up": {"uv": [4, 0, 7.5, 3.5], "texture": "#0"},
				"down": {"uv": [4, 0, 7.5, 3.5], "texture": "#0"}
			}
		},
		{
			"from": [1, 25.5, 1],
			"to": [15, 26, 15],
			"faces": {
				"north": {"uv": [0.25, 9, 3.75, 9.25], "texture": "#0"},
				"east": {"uv": [15.75, 15.75, 16, 16], "texture": "#0"},
				"south": {"uv": [15.75, 15.75, 16, 16], "texture": "#0"},
				"west": {"uv": [15.75, 15.75, 16, 16], "texture": "#0"},
				"up": {"uv": [4, 0, 7.5, 3.5], "texture": "#0"},
				"down": {"uv": [4, 0, 7.5, 3.5], "texture": "#0"}
			}
		},
		{
			"from": [15, -5, 0],
			"to": [16, 32, 16],
			"faces": {
				"north": {"uv": [0, 0, 0.25, 9.25], "texture": "#0"},
				"east": {"uv": [0, 0, 4, 9.25], "texture": "#0"},
				"south": {"uv": [0, 0, 0.25, 9.25], "texture": "#0"},
				"west": {"uv": [0, 0, 4, 9.25], "texture": "#0"},
				"up": {"uv": [0, 0, 4, 0.25], "rotation": 90, "texture": "#0"},
				"down": {"uv": [0, 0, 4, 0.25], "rotation": 90, "texture": "#0"}
			}
		},
		{
			"from": [0, -5, 0],
			"to": [1, 32, 16],
			"faces": {
				"north": {"uv": [0, 0, 0.25, 9.25], "texture": "#0"},
				"east": {"uv": [0, 0, 4, 9.25], "texture": "#0"},
				"south": {"uv": [0, 0, 0.25, 9.25], "texture": "#0"},
				"west": {"uv": [0, 0, 4, 9.25], "texture": "#0"},
				"up": {"uv": [0, 0, 4, 0.25], "rotation": 90, "texture": "#0"},
				"down": {"uv": [0, 0, 4, 0.25], "rotation": 90, "texture": "#0"}
			}
		},
		{
			"from": [1, 14, 2],
			"to": [15, 18, 13],
			"faces": {
				"north": {"uv": [11, 0, 14.5, 1], "texture": "#0"},
				"east": {"uv": [7.5, 0, 10.25, 1], "texture": "#0"},
				"south": {"uv": [7.5, 0, 11, 1], "texture": "#0"},
				"west": {"uv": [7.5, 0, 10.25, 1], "texture": "#0"},
				"up": {"uv": [7.5, 1.25, 11, 4], "texture": "#0"},
				"down": {"uv": [7.5, 1.25, 11, 4], "texture": "#0"}
			}
		},
		{
			"from": [1, 8, 2],
			"to": [15, 12, 13],
			"faces": {
				"north": {"uv": [11, 0, 14.5, 1], "texture": "#0"},
				"east": {"uv": [7.5, 0, 10.25, 1], "texture": "#0"},
				"south": {"uv": [7.5, 0, 11, 1], "texture": "#0"},
				"west": {"uv": [7.5, 0, 10.25, 1], "texture": "#0"},
				"up": {"uv": [7.5, 1.25, 11, 4], "texture": "#0"},
				"down": {"uv": [7.5, 1.25, 11, 4], "texture": "#0"}
			}
		},
		{
			"from": [1, 2, 2],
			"to": [15, 6, 13],
			"faces": {
				"north": {"uv": [11, 0, 14.5, 1], "texture": "#0"},
				"east": {"uv": [7.5, 0, 10.25, 1], "texture": "#0"},
				"south": {"uv": [7.5, 0, 11, 1], "texture": "#0"},
				"west": {"uv": [7.5, 0, 10.25, 1], "texture": "#0"},
				"up": {"uv": [7.5, 1.25, 11, 4], "texture": "#0"},
				"down": {"uv": [7.5, 1.25, 11, 4], "texture": "#0"}
			}
		},
		{
			"from": [1, -4, 2],
			"to": [15, 0, 13],
			"faces": {
				"north": {"uv": [11, 0, 14.5, 1], "texture": "#0"},
				"east": {"uv": [7.5, 0, 10.25, 1], "texture": "#0"},
				"south": {"uv": [7.5, 0, 11, 1], "texture": "#0"},
				"west": {"uv": [7.5, 0, 10.25, 1], "texture": "#0"},
				"up": {"uv": [7.5, 1.25, 11, 4], "texture": "#0"},
				"down": {"uv": [7.5, 1.25, 11, 4], "texture": "#0"}
			}
		},
		{
			"from": [1, 20, 2],
			"to": [15, 24, 13],
			"faces": {
				"north": {"uv": [11, 0, 14.5, 1], "texture": "#0"},
				"east": {"uv": [7.5, 0, 10.25, 1], "texture": "#0"},
				"south": {"uv": [7.5, 0, 11, 1], "texture": "#0"},
				"west": {"uv": [7.5, 0, 10.25, 1], "texture": "#0"},
				"up": {"uv": [7.5, 1.25, 11, 4], "texture": "#0"},
				"down": {"uv": [7.5, 1.25, 11, 4], "texture": "#0"}
			}
		},
		{
			"from": [1, 26, 2],
			"to": [15, 30, 13],
			"faces": {
				"north": {"uv": [11, 0, 14.5, 1], "texture": "#0"},
				"east": {"uv": [7.5, 0, 10.25, 1], "texture": "#0"},
				"south": {"uv": [7.5, 0, 11, 1], "texture": "#0"},
				"west": {"uv": [7.5, 0, 10.25, 1], "texture": "#0"},
				"up": {"uv": [7.5, 1.25, 11, 4], "texture": "#0"},
				"down": {"uv": [7.5, 1.25, 11, 4], "texture": "#0"}
			}
		},
		{
			"from": [2, 27, 1.9],
			"to": [3, 28, 1.9],
			"rotation": {"angle": 0, "axis": "y", "origin": [-0.3, -0.3, 0]},
			"faces": {
				"north": {"uv": [1, 0, 2, 1], "texture": "#3"},
				"east": {"uv": [0, 0, 0, 0.25], "texture": "#missing"},
				"south": {"uv": [1, 0, 2, 1], "texture": "#3"},
				"west": {"uv": [0, 0, 0, 0.25], "texture": "#missing"},
				"up": {"uv": [0, 0, 0.25, 0], "texture": "#missing"},
				"down": {"uv": [0, 0, 0.25, 0], "texture": "#missing"}
			}
		},
		{
			"from": [2, 21, 1.9],
			"to": [3, 22, 1.9],
			"rotation": {"angle": 0, "axis": "y", "origin": [-0.3, -6.3, 0]},
			"faces": {
				"north": {"uv": [1, 0, 2, 1], "texture": "#3"},
				"east": {"uv": [0, 0, 0, 0.25], "texture": "#missing"},
				"south": {"uv": [1, 0, 2, 1], "texture": "#3"},
				"west": {"uv": [0, 0, 0, 0.25], "texture": "#missing"},
				"up": {"uv": [0, 0, 0.25, 0], "texture": "#missing"},
				"down": {"uv": [0, 0, 0.25, 0], "texture": "#missing"}
			}
		},
		{
			"from": [2, 15, 1.9],
			"to": [3, 16, 1.9],
			"rotation": {"angle": 0, "axis": "y", "origin": [-0.3, -12.3, 0]},
			"faces": {
				"north": {"uv": [1, 0, 2, 1], "texture": "#3"},
				"east": {"uv": [0, 0, 0, 0.25], "texture": "#missing"},
				"south": {"uv": [1, 0, 2, 1], "texture": "#3"},
				"west": {"uv": [0, 0, 0, 0.25], "texture": "#missing"},
				"up": {"uv": [0, 0, 0.25, 0], "texture": "#missing"},
				"down": {"uv": [0, 0, 0.25, 0], "texture": "#missing"}
			}
		},
		{
			"from": [2, 9, 1.9],
			"to": [3, 10, 1.9],
			"rotation": {"angle": 0, "axis": "y", "origin": [-0.3, -18.3, 0]},
			"faces": {
				"north": {"uv": [1, 0, 2, 1], "texture": "#3"},
				"east": {"uv": [0, 0, 0, 0.25], "texture": "#missing"},
				"south": {"uv": [1, 0, 2, 1], "texture": "#3"},
				"west": {"uv": [0, 0, 0, 0.25], "texture": "#missing"},
				"up": {"uv": [0, 0, 0.25, 0], "texture": "#missing"},
				"down": {"uv": [0, 0, 0.25, 0], "texture": "#missing"}
			}
		},
		{
			"from": [2, 3, 1.9],
			"to": [3, 4, 1.9],
			"rotation": {"angle": 0, "axis": "y", "origin": [-0.3, -24.3, 0]},
			"faces": {
				"north": {"uv": [1, 0, 2, 1], "texture": "#3"},
				"east": {"uv": [0, 0, 0, 0.25], "texture": "#missing"},
				"south": {"uv": [1, 0, 2, 1], "texture": "#3"},
				"west": {"uv": [0, 0, 0, 0.25], "texture": "#missing"},
				"up": {"uv": [0, 0, 0.25, 0], "texture": "#missing"},
				"down": {"uv": [0, 0, 0.25, 0], "texture": "#missing"}
			}
		},
		{
			"from": [2, -3, 1.9],
			"to": [3, -2, 1.9],
			"rotation": {"angle": 0, "axis": "y", "origin": [-0.3, -30.3, 0]},
			"faces": {
				"north": {"uv": [1, 0, 2, 1], "texture": "#3"},
				"east": {"uv": [0, 0, 0, 0.25], "texture": "#missing"},
				"south": {"uv": [1, 0, 2, 1], "texture": "#3"},
				"west": {"uv": [0, 0, 0, 0.25], "texture": "#missing"},
				"up": {"uv": [0, 0, 0.25, 0], "texture": "#missing"},
				"down": {"uv": [0, 0, 0.25, 0], "texture": "#missing"}
			}
		},
		{
			"from": [11, 27, 1.9],
			"to": [12, 28, 1.9],
			"rotation": {"angle": 0, "axis": "y", "origin": [-0.1, -0.2, 0]},
			"faces": {
				"north": {"uv": [0, 0, 1, 1], "texture": "#2"},
				"east": {"uv": [0, 0, 0, 0.25], "texture": "#missing"},
				"south": {"uv": [0, 0, 1, 1], "texture": "#2"},
				"west": {"uv": [0, 0, 0, 0.25], "texture": "#missing"},
				"up": {"uv": [0, 0, 0.25, 0], "texture": "#missing"},
				"down": {"uv": [0, 0, 0.25, 0], "texture": "#missing"}
			}
		},
		{
			"from": [13, 27, 1.9],
			"to": [14, 28, 1.9],
			"rotation": {"angle": 0, "axis": "y", "origin": [-0.1, -0.2, 0]},
			"faces": {
				"north": {"uv": [0, 0, 1, 1], "texture": "#1"},
				"east": {"uv": [0, 0, 0, 0.25], "texture": "#missing"},
				"south": {"uv": [0, 0, 1, 1], "texture": "#1"},
				"west": {"uv": [0, 0, 0, 0.25], "texture": "#missing"},
				"up": {"uv": [0, 0, 0.25, 0], "texture": "#missing"},
				"down": {"uv": [0, 0, 0.25, 0], "texture": "#missing"}
			}
		},
		{
			"from": [11, 15, 1.9],
			"to": [12, 16, 1.9],
			"rotation": {"angle": 0, "axis": "y", "origin": [-0.1, -12.2, 0]},
			"faces": {
				"north": {"uv": [0, 0, 1, 1], "texture": "#2"},
				"east": {"uv": [0, 0, 0, 0.25], "texture": "#missing"},
				"south": {"uv": [0, 0, 1, 1], "texture": "#2"},
				"west": {"uv": [0, 0, 0, 0.25], "texture": "#missing"},
				"up": {"uv": [0, 0, 0.25, 0], "texture": "#missing"},
				"down": {"uv": [0, 0, 0.25, 0], "texture": "#missing"}
			}
		},
		{
			"from": [13, 15, 1.9],
			"to": [14, 16, 1.9],
			"rotation": {"angle": 0, "axis": "y", "origin": [-0.1, -12.2, 0]},
			"faces": {
				"north": {"uv": [0, 0, 1, 1], "texture": "#1"},
				"east": {"uv": [0, 0, 0, 0.25], "texture": "#missing"},
				"south": {"uv": [0, 0, 1, 1], "texture": "#1"},
				"west": {"uv": [0, 0, 0, 0.25], "texture": "#missing"},
				"up": {"uv": [0, 0, 0.25, 0], "texture": "#missing"},
				"down": {"uv": [0, 0, 0.25, 0], "texture": "#missing"}
			}
		},
		{
			"from": [11, 3, 1.9],
			"to": [12, 4, 1.9],
			"rotation": {"angle": 0, "axis": "y", "origin": [-0.1, -24.2, 0]},
			"faces": {
				"north": {"uv": [0, 0, 1, 1], "texture": "#2"},
				"east": {"uv": [0, 0, 0, 0.25], "texture": "#missing"},
				"south": {"uv": [0, 0, 1, 1], "texture": "#2"},
				"west": {"uv": [0, 0, 0, 0.25], "texture": "#missing"},
				"up": {"uv": [0, 0, 0.25, 0], "texture": "#missing"},
				"down": {"uv": [0, 0, 0.25, 0], "texture": "#missing"}
			}
		},
		{
			"from": [13, 3, 1.9],
			"to": [14, 4, 1.9],
			"rotation": {"angle": 0, "axis": "y", "origin": [-0.1, -24.2, 0]},
			"faces": {
				"north": {"uv": [0, 0, 1, 1], "texture": "#1"},
				"east": {"uv": [0, 0, 0, 0.25], "texture": "#missing"},
				"south": {"uv": [0, 0, 1, 1], "texture": "#1"},
				"west": {"uv": [0, 0, 0, 0.25], "texture": "#missing"},
				"up": {"uv": [0, 0, 0.25, 0], "texture": "#missing"},
				"down": {"uv": [0, 0, 0.25, 0], "texture": "#missing"}
			}
		},
		{
			"from": [13, 9, 1.9],
			"to": [14, 10, 1.9],
			"rotation": {"angle": 0, "axis": "y", "origin": [1.9, -18.2, 0]},
			"faces": {
				"north": {"uv": [0, 0, 1, 1], "texture": "#2"},
				"east": {"uv": [0, 0, 0, 0.25], "texture": "#missing"},
				"south": {"uv": [0, 0, 1, 1], "texture": "#2"},
				"west": {"uv": [0, 0, 0, 0.25], "texture": "#missing"},
				"up": {"uv": [0, 0, 0.25, 0], "texture": "#missing"},
				"down": {"uv": [0, 0, 0.25, 0], "texture": "#missing"}
			}
		},
		{
			"from": [11, 9, 1.9],
			"to": [12, 10, 1.9],
			"rotation": {"angle": 0, "axis": "y", "origin": [-2.1, -18.2, 0]},
			"faces": {
				"north": {"uv": [0, 0, 1, 1], "texture": "#1"},
				"east": {"uv": [0, 0, 0, 0.25], "texture": "#missing"},
				"south": {"uv": [0, 0, 1, 1], "texture": "#1"},
				"west": {"uv": [0, 0, 0, 0.25], "texture": "#missing"},
				"up": {"uv": [0, 0, 0.25, 0], "texture": "#missing"},
				"down": {"uv": [0, 0, 0.25, 0], "texture": "#missing"}
			}
		},
		{
			"from": [13, -3, 1.9],
			"to": [14, -2, 1.9],
			"rotation": {"angle": 0, "axis": "y", "origin": [1.9, -30.2, 0]},
			"faces": {
				"north": {"uv": [0, 0, 1, 1], "texture": "#2"},
				"east": {"uv": [0, 0, 0, 0.25], "texture": "#missing"},
				"south": {"uv": [0, 0, 1, 1], "texture": "#2"},
				"west": {"uv": [0, 0, 0, 0.25], "texture": "#missing"},
				"up": {"uv": [0, 0, 0.25, 0], "texture": "#missing"},
				"down": {"uv": [0, 0, 0.25, 0], "texture": "#missing"}
			}
		},
		{
			"from": [11, -3, 1.9],
			"to": [12, -2, 1.9],
			"rotation": {"angle": 0, "axis": "y", "origin": [-2.1, -30.2, 0]},
			"faces": {
				"north": {"uv": [0, 0, 1, 1], "texture": "#1"},
				"east": {"uv": [0, 0, 0, 0.25], "texture": "#missing"},
				"south": {"uv": [0, 0, 1, 1], "texture": "#1"},
				"west": {"uv": [0, 0, 0, 0.25], "texture": "#missing"},
				"up": {"uv": [0, 0, 0.25, 0], "texture": "#missing"},
				"down": {"uv": [0, 0, 0.25, 0], "texture": "#missing"}
			}
		},
		{
			"from": [13, 21, 1.9],
			"to": [14, 22, 1.9],
			"rotation": {"angle": 0, "axis": "y", "origin": [1.9, -6.2, 0]},
			"faces": {
				"north": {"uv": [0, 0, 1, 1], "texture": "#2"},
				"east": {"uv": [0, 0, 0, 0.25], "texture": "#missing"},
				"south": {"uv": [0, 0, 1, 1], "texture": "#2"},
				"west": {"uv": [0, 0, 0, 0.25], "texture": "#missing"},
				"up": {"uv": [0, 0, 0.25, 0], "texture": "#missing"},
				"down": {"uv": [0, 0, 0.25, 0], "texture": "#missing"}
			}
		},
		{
			"from": [11, 21, 1.9],
			"to": [12, 22, 1.9],
			"rotation": {"angle": 0, "axis": "y", "origin": [-2.1, -6.2, 0]},
			"faces": {
				"north": {"uv": [0, 0, 1, 1], "texture": "#1"},
				"east": {"uv": [0, 0, 0, 0.25], "texture": "#missing"},
				"south": {"uv": [0, 0, 1, 1], "texture": "#1"},
				"west": {"uv": [0, 0, 0, 0.25], "texture": "#missing"},
				"up": {"uv": [0, 0, 0.25, 0], "texture": "#missing"},
				"down": {"uv": [0, 0, 0.25, 0], "texture": "#missing"}
			}
		},
		{
			"from": [4, 10, 1.95],
			"to": [5, 11, 1.95],
			"rotation": {"angle": 0, "axis": "y", "origin": [-0.2, -0.3, 0.2]},
			"faces": {
				"north": {"uv": [5, 4, 5.25, 4.15], "texture": "#0"},
				"east": {"uv": [5, 4, 5.25, 4.25], "texture": "#0"},
				"south": {"uv": [4, 4, 4.25, 4.25], "texture": "#0"},
				"west": {"uv": [5, 4, 5.25, 4.25], "texture": "#0"},
				"up": {"uv": [5, 4, 5.25, 4.25], "texture": "#0"},
				"down": {"uv": [5, 4, 5.25, 4.25], "texture": "#0"}
			}
		},
		{
			"from": [4, 4, 1.95],
			"to": [5, 5, 1.95],
			"rotation": {"angle": 0, "axis": "y", "origin": [-0.2, -6.3, 0.2]},
			"faces": {
				"north": {"uv": [5, 4, 5.25, 4.15], "texture": "#0"},
				"east": {"uv": [5, 4, 5.25, 4.25], "texture": "#0"},
				"south": {"uv": [4, 4, 4.25, 4.25], "texture": "#0"},
				"west": {"uv": [5, 4, 5.25, 4.25], "texture": "#0"},
				"up": {"uv": [5, 4, 5.25, 4.25], "texture": "#0"},
				"down": {"uv": [5, 4, 5.25, 4.25], "texture": "#0"}
			}
		},
		{
			"from": [4, -2, 1.95],
			"to": [5, -1, 1.95],
			"rotation": {"angle": 0, "axis": "y", "origin": [-0.2, -12.3, 0.2]},
			"faces": {
				"north": {"uv": [5, 4, 5.25, 4.15], "texture": "#0"},
				"east": {"uv": [5, 4, 5.25, 4.25], "texture": "#0"},
				"south": {"uv": [4, 4, 4.25, 4.25], "texture": "#0"},
				"west": {"uv": [5, 4, 5.25, 4.25], "texture": "#0"},
				"up": {"uv": [5, 4, 5.25, 4.25], "texture": "#0"},
				"down": {"uv": [5, 4, 5.25, 4.25], "texture": "#0"}
			}
		},
		{
			"from": [4, 16, 1.95],
			"to": [5, 17, 1.95],
			"rotation": {"angle": 0, "axis": "y", "origin": [-0.2, 5.7, 0.2]},
			"faces": {
				"north": {"uv": [5, 4, 5.25, 4.15], "texture": "#0"},
				"east": {"uv": [5, 4, 5.25, 4.25], "texture": "#0"},
				"south": {"uv": [4, 4, 4.25, 4.25], "texture": "#0"},
				"west": {"uv": [5, 4, 5.25, 4.25], "texture": "#0"},
				"up": {"uv": [5, 4, 5.25, 4.25], "texture": "#0"},
				"down": {"uv": [5, 4, 5.25, 4.25], "texture": "#0"}
			}
		},
		{
			"from": [4, 22, 1.95],
			"to": [5, 23, 1.95],
			"rotation": {"angle": 0, "axis": "y", "origin": [-0.2, 11.7, 0.2]},
			"faces": {
				"north": {"uv": [5, 4, 5.25, 4.15], "texture": "#0"},
				"east": {"uv": [5, 4, 5.25, 4.25], "texture": "#0"},
				"south": {"uv": [4, 4, 4.25, 4.25], "texture": "#0"},
				"west": {"uv": [5, 4, 5.25, 4.25], "texture": "#0"},
				"up": {"uv": [5, 4, 5.25, 4.25], "texture": "#0"},
				"down": {"uv": [5, 4, 5.25, 4.25], "texture": "#0"}
			}
		},
		{
			"from": [4, 28, 1.95],
			"to": [5, 29, 1.95],
			"rotation": {"angle": 0, "axis": "y", "origin": [-0.2, 17.7, 0.2]},
			"faces": {
				"north": {"uv": [5, 4, 5.25, 4.15], "texture": "#0"},
				"east": {"uv": [5, 4, 5.25, 4.25], "texture": "#0"},
				"south": {"uv": [4, 4, 4.25, 4.25], "texture": "#0"},
				"west": {"uv": [5, 4, 5.25, 4.25], "texture": "#0"},
				"up": {"uv": [5, 4, 5.25, 4.25], "texture": "#0"},
				"down": {"uv": [5, 4, 5.25, 4.25], "texture": "#0"}
			}
		},
		{
			"from": [4, 26, 1.9],
			"to": [5, 27, 1.9],
			"rotation": {"angle": 0, "axis": "y", "origin": [-0.1, -0.1, 0]},
			"faces": {
				"north": {"uv": [0.75, 0.75, 1, 1], "texture": "#0"},
				"east": {"uv": [4.25, 3.5, 4.5, 3.75], "texture": "#0"},
				"south": {"uv": [4.25, 3.5, 4.5, 3.75], "texture": "#0"},
				"west": {"uv": [4.25, 3.5, 4.5, 3.75], "texture": "#0"},
				"up": {"uv": [4.25, 3.5, 4.5, 3.75], "texture": "#0"},
				"down": {"uv": [4.25, 3.5, 4.5, 3.75], "texture": "#0"}
			}
		},
		{
			"from": [6, 26, 1.9],
			"to": [7, 27, 1.9],
			"rotation": {"angle": 0, "axis": "y", "origin": [1.9, -0.1, 0]},
			"faces": {
				"north": {"uv": [0.75, 0.75, 1, 1], "texture": "#0"},
				"east": {"uv": [4.25, 3.5, 4.5, 3.75], "texture": "#0"},
				"south": {"uv": [4.25, 3.5, 4.5, 3.75], "texture": "#0"},
				"west": {"uv": [4.25, 3.5, 4.5, 3.75], "texture": "#0"},
				"up": {"uv": [4.25, 3.5, 4.5, 3.75], "texture": "#0"},
				"down": {"uv": [4.25, 3.5, 4.5, 3.75], "texture": "#0"}
			}
		},
		{
			"from": [8, 26, 1.9],
			"to": [9, 27, 1.9],
			"rotation": {"angle": 0, "axis": "y", "origin": [3.9, -0.1, 0]},
			"faces": {
				"north": {"uv": [0.75, 0.75, 1, 1], "texture": "#0"},
				"east": {"uv": [4.25, 3.5, 4.5, 3.75], "texture": "#0"},
				"south": {"uv": [4.25, 3.5, 4.5, 3.75], "texture": "#0"},
				"west": {"uv": [4.25, 3.5, 4.5, 3.75], "texture": "#0"},
				"up": {"uv": [4.25, 3.5, 4.5, 3.75], "texture": "#0"},
				"down": {"uv": [4.25, 3.5, 4.5, 3.75], "texture": "#0"}
			}
		},
		{
			"from": [8, 20, 1.9],
			"to": [9, 21, 1.9],
			"rotation": {"angle": 0, "axis": "y", "origin": [3.9, -6.1, 0]},
			"faces": {
				"north": {"uv": [0.75, 0.75, 1, 1], "texture": "#0"},
				"east": {"uv": [4.25, 3.5, 4.5, 3.75], "texture": "#0"},
				"south": {"uv": [4.25, 3.5, 4.5, 3.75], "texture": "#0"},
				"west": {"uv": [4.25, 3.5, 4.5, 3.75], "texture": "#0"},
				"up": {"uv": [4.25, 3.5, 4.5, 3.75], "texture": "#0"},
				"down": {"uv": [4.25, 3.5, 4.5, 3.75], "texture": "#0"}
			}
		},
		{
			"from": [6, 20, 1.9],
			"to": [7, 21, 1.9],
			"rotation": {"angle": 0, "axis": "y", "origin": [1.9, -6.1, 0]},
			"faces": {
				"north": {"uv": [0.75, 0.75, 1, 1], "texture": "#0"},
				"east": {"uv": [4.25, 3.5, 4.5, 3.75], "texture": "#0"},
				"south": {"uv": [4.25, 3.5, 4.5, 3.75], "texture": "#0"},
				"west": {"uv": [4.25, 3.5, 4.5, 3.75], "texture": "#0"},
				"up": {"uv": [4.25, 3.5, 4.5, 3.75], "texture": "#0"},
				"down": {"uv": [4.25, 3.5, 4.5, 3.75], "texture": "#0"}
			}
		},
		{
			"from": [4, 20, 1.9],
			"to": [5, 21, 1.9],
			"rotation": {"angle": 0, "axis": "y", "origin": [-0.1, -6.1, 0]},
			"faces": {
				"north": {"uv": [0.75, 0.75, 1, 1], "texture": "#0"},
				"east": {"uv": [4.25, 3.5, 4.5, 3.75], "texture": "#0"},
				"south": {"uv": [4.25, 3.5, 4.5, 3.75], "texture": "#0"},
				"west": {"uv": [4.25, 3.5, 4.5, 3.75], "texture": "#0"},
				"up": {"uv": [4.25, 3.5, 4.5, 3.75], "texture": "#0"},
				"down": {"uv": [4.25, 3.5, 4.5, 3.75], "texture": "#0"}
			}
		},
		{
			"from": [8, 14, 1.9],
			"to": [9, 15, 1.9],
			"rotation": {"angle": 0, "axis": "y", "origin": [3.9, -12.1, 0]},
			"faces": {
				"north": {"uv": [0.75, 0.75, 1, 1], "texture": "#0"},
				"east": {"uv": [4.25, 3.5, 4.5, 3.75], "texture": "#0"},
				"south": {"uv": [4.25, 3.5, 4.5, 3.75], "texture": "#0"},
				"west": {"uv": [4.25, 3.5, 4.5, 3.75], "texture": "#0"},
				"up": {"uv": [4.25, 3.5, 4.5, 3.75], "texture": "#0"},
				"down": {"uv": [4.25, 3.5, 4.5, 3.75], "texture": "#0"}
			}
		},
		{
			"from": [6, 14, 1.9],
			"to": [7, 15, 1.9],
			"rotation": {"angle": 0, "axis": "y", "origin": [1.9, -12.1, 0]},
			"faces": {
				"north": {"uv": [0.75, 0.75, 1, 1], "texture": "#0"},
				"east": {"uv": [4.25, 3.5, 4.5, 3.75], "texture": "#0"},
				"south": {"uv": [4.25, 3.5, 4.5, 3.75], "texture": "#0"},
				"west": {"uv": [4.25, 3.5, 4.5, 3.75], "texture": "#0"},
				"up": {"uv": [4.25, 3.5, 4.5, 3.75], "texture": "#0"},
				"down": {"uv": [4.25, 3.5, 4.5, 3.75], "texture": "#0"}
			}
		},
		{
			"from": [4, 14, 1.9],
			"to": [5, 15, 1.9],
			"rotation": {"angle": 0, "axis": "y", "origin": [-0.1, -12.1, 0]},
			"faces": {
				"north": {"uv": [0.75, 0.75, 1, 1], "texture": "#0"},
				"east": {"uv": [4.25, 3.5, 4.5, 3.75], "texture": "#0"},
				"south": {"uv": [4.25, 3.5, 4.5, 3.75], "texture": "#0"},
				"west": {"uv": [4.25, 3.5, 4.5, 3.75], "texture": "#0"},
				"up": {"uv": [4.25, 3.5, 4.5, 3.75], "texture": "#0"},
				"down": {"uv": [4.25, 3.5, 4.5, 3.75], "texture": "#0"}
			}
		},
		{
			"from": [8, 8, 1.9],
			"to": [9, 9, 1.9],
			"rotation": {"angle": 0, "axis": "y", "origin": [3.9, -18.1, 0]},
			"faces": {
				"north": {"uv": [0.75, 0.75, 1, 1], "texture": "#0"},
				"east": {"uv": [4.25, 3.5, 4.5, 3.75], "texture": "#0"},
				"south": {"uv": [4.25, 3.5, 4.5, 3.75], "texture": "#0"},
				"west": {"uv": [4.25, 3.5, 4.5, 3.75], "texture": "#0"},
				"up": {"uv": [4.25, 3.5, 4.5, 3.75], "texture": "#0"},
				"down": {"uv": [4.25, 3.5, 4.5, 3.75], "texture": "#0"}
			}
		},
		{
			"from": [6, 8, 1.9],
			"to": [7, 9, 1.9],
			"rotation": {"angle": 0, "axis": "y", "origin": [1.9, -18.1, 0]},
			"faces": {
				"north": {"uv": [0.75, 0.75, 1, 1], "texture": "#0"},
				"east": {"uv": [4.25, 3.5, 4.5, 3.75], "texture": "#0"},
				"south": {"uv": [4.25, 3.5, 4.5, 3.75], "texture": "#0"},
				"west": {"uv": [4.25, 3.5, 4.5, 3.75], "texture": "#0"},
				"up": {"uv": [4.25, 3.5, 4.5, 3.75], "texture": "#0"},
				"down": {"uv": [4.25, 3.5, 4.5, 3.75], "texture": "#0"}
			}
		},
		{
			"from": [4, 8, 1.9],
			"to": [5, 9, 1.9],
			"rotation": {"angle": 0, "axis": "y", "origin": [-0.1, -18.1, 0]},
			"faces": {
				"north": {"uv": [0.75, 0.75, 1, 1], "texture": "#0"},
				"east": {"uv": [4.25, 3.5, 4.5, 3.75], "texture": "#0"},
				"south": {"uv": [4.25, 3.5, 4.5, 3.75], "texture": "#0"},
				"west": {"uv": [4.25, 3.5, 4.5, 3.75], "texture": "#0"},
				"up": {"uv": [4.25, 3.5, 4.5, 3.75], "texture": "#0"},
				"down": {"uv": [4.25, 3.5, 4.5, 3.75], "texture": "#0"}
			}
		},
		{
			"from": [8, 2, 1.9],
			"to": [9, 3, 1.9],
			"rotation": {"angle": 0, "axis": "y", "origin": [3.9, -24.1, 0]},
			"faces": {
				"north": {"uv": [0.75, 0.75, 1, 1], "texture": "#0"},
				"east": {"uv": [4.25, 3.5, 4.5, 3.75], "texture": "#0"},
				"south": {"uv": [4.25, 3.5, 4.5, 3.75], "texture": "#0"},
				"west": {"uv": [4.25, 3.5, 4.5, 3.75], "texture": "#0"},
				"up": {"uv": [4.25, 3.5, 4.5, 3.75], "texture": "#0"},
				"down": {"uv": [4.25, 3.5, 4.5, 3.75], "texture": "#0"}
			}
		},
		{
			"from": [6, 2, 1.9],
			"to": [7, 3, 1.9],
			"rotation": {"angle": 0, "axis": "y", "origin": [1.9, -24.1, 0]},
			"faces": {
				"north": {"uv": [0.75, 0.75, 1, 1], "texture": "#0"},
				"east": {"uv": [4.25, 3.5, 4.5, 3.75], "texture": "#0"},
				"south": {"uv": [4.25, 3.5, 4.5, 3.75], "texture": "#0"},
				"west": {"uv": [4.25, 3.5, 4.5, 3.75], "texture": "#0"},
				"up": {"uv": [4.25, 3.5, 4.5, 3.75], "texture": "#0"},
				"down": {"uv": [4.25, 3.5, 4.5, 3.75], "texture": "#0"}
			}
		},
		{
			"from": [4, 2, 1.9],
			"to": [5, 3, 1.9],
			"rotation": {"angle": 0, "axis": "y", "origin": [-0.1, -24.1, 0]},
			"faces": {
				"north": {"uv": [0.75, 0.75, 1, 1], "texture": "#0"},
				"east": {"uv": [4.25, 3.5, 4.5, 3.75], "texture": "#0"},
				"south": {"uv": [4.25, 3.5, 4.5, 3.75], "texture": "#0"},
				"west": {"uv": [4.25, 3.5, 4.5, 3.75], "texture": "#0"},
				"up": {"uv": [4.25, 3.5, 4.5, 3.75], "texture": "#0"},
				"down": {"uv": [4.25, 3.5, 4.5, 3.75], "texture": "#0"}
			}
		},
		{
			"from": [8, -4, 1.9],
			"to": [9, -3, 1.9],
			"rotation": {"angle": 0, "axis": "y", "origin": [3.9, -30.1, 0]},
			"faces": {
				"north": {"uv": [0.75, 0.75, 1, 1], "texture": "#0"},
				"east": {"uv": [4.25, 3.5, 4.5, 3.75], "texture": "#0"},
				"south": {"uv": [4.25, 3.5, 4.5, 3.75], "texture": "#0"},
				"west": {"uv": [4.25, 3.5, 4.5, 3.75], "texture": "#0"},
				"up": {"uv": [4.25, 3.5, 4.5, 3.75], "texture": "#0"},
				"down": {"uv": [4.25, 3.5, 4.5, 3.75], "texture": "#0"}
			}
		},
		{
			"from": [6, -4, 1.9],
			"to": [7, -3, 1.9],
			"rotation": {"angle": 0, "axis": "y", "origin": [1.9, -30.1, 0]},
			"faces": {
				"north": {"uv": [0.75, 0.75, 1, 1], "texture": "#0"},
				"east": {"uv": [4.25, 3.5, 4.5, 3.75], "texture": "#0"},
				"south": {"uv": [4.25, 3.5, 4.5, 3.75], "texture": "#0"},
				"west": {"uv": [4.25, 3.5, 4.5, 3.75], "texture": "#0"},
				"up": {"uv": [4.25, 3.5, 4.5, 3.75], "texture": "#0"},
				"down": {"uv": [4.25, 3.5, 4.5, 3.75], "texture": "#0"}
			}
		},
		{
			"from": [4, -4, 1.9],
			"to": [5, -3, 1.9],
			"rotation": {"angle": 0, "axis": "y", "origin": [-0.1, -30.1, 0]},
			"faces": {
				"north": {"uv": [0.75, 0.75, 1, 1], "texture": "#0"},
				"east": {"uv": [4.25, 3.5, 4.5, 3.75], "texture": "#0"},
				"south": {"uv": [4.25, 3.5, 4.5, 3.75], "texture": "#0"},
				"west": {"uv": [4.25, 3.5, 4.5, 3.75], "texture": "#0"},
				"up": {"uv": [4.25, 3.5, 4.5, 3.75], "texture": "#0"},
				"down": {"uv": [4.25, 3.5, 4.5, 3.75], "texture": "#0"}
			}
		},
		{
			"from": [0, -6, 0],
			"to": [2, -5, 2],
			"faces": {
				"north": {"uv": [0, 0, 0.5, 0.25], "texture": "#0"},
				"east": {"uv": [0, 0, 0.5, 0.25], "texture": "#0"},
				"south": {"uv": [0, 0, 0.5, 0.25], "texture": "#0"},
				"west": {"uv": [0, 0, 0.5, 0.25], "texture": "#0"},
				"up": {"uv": [0, 0, 0.5, 0.5], "texture": "#0"},
				"down": {"uv": [0, 0, 0.5, 0.5], "texture": "#0"}
			}
		},
		{
			"from": [14, -6, 0],
			"to": [16, -5, 2],
			"faces": {
				"north": {"uv": [0, 0, 0.5, 0.25], "texture": "#0"},
				"east": {"uv": [0, 0, 0.5, 0.25], "texture": "#0"},
				"south": {"uv": [0, 0, 0.5, 0.25], "texture": "#0"},
				"west": {"uv": [0, 0, 0.5, 0.25], "texture": "#0"},
				"up": {"uv": [0, 0, 0.5, 0.5], "texture": "#0"},
				"down": {"uv": [0, 0, 0.5, 0.5], "texture": "#0"}
			}
		},
		{
			"from": [14, -6, 14],
			"to": [16, -5, 16],
			"faces": {
				"north": {"uv": [0, 0, 0.5, 0.25], "texture": "#0"},
				"east": {"uv": [0, 0, 0.5, 0.25], "texture": "#0"},
				"south": {"uv": [0, 0, 0.5, 0.25], "texture": "#0"},
				"west": {"uv": [0, 0, 0.5, 0.25], "texture": "#0"},
				"up": {"uv": [0, 0, 0.5, 0.5], "texture": "#0"},
				"down": {"uv": [0, 0, 0.5, 0.5], "texture": "#0"}
			}
		},
		{
			"from": [0, -6, 14],
			"to": [2, -5, 16],
			"faces": {
				"north": {"uv": [0, 0, 0.5, 0.25], "texture": "#0"},
				"east": {"uv": [0, 0, 0.5, 0.25], "texture": "#0"},
				"south": {"uv": [0, 0, 0.5, 0.25], "texture": "#0"},
				"west": {"uv": [0, 0, 0.5, 0.25], "texture": "#0"},
				"up": {"uv": [0, 0, 0.5, 0.5], "texture": "#0"},
				"down": {"uv": [0, 0, 0.5, 0.5], "texture": "#0"}
			}
		}
	],
	"display": {
		"thirdperson_righthand": {
			"rotation": [66.5, 0, 0],
			"translation": [-0.5, 1.5, 1.75],
			"scale": [0.3, 0.3, 0.3]
		},
		"thirdperson_lefthand": {
			"rotation": [65.5, 0, 0],
			"translation": [0, 1.5, 1.5],
			"scale": [0.3, 0.3, 0.3]
		},
		"firstperson_righthand": {
			"rotation": [0, 22.5, 0],
			"translation": [0, 0.5, 0.5],
			"scale": [0.3, 0.3, 0.3]
		},
		"firstperson_lefthand": {
			"rotation": [0, -159, 0],
			"translation": [2, 1.25, 0],
			"scale": [0.3, 0.3, 0.3]
		},
		"ground": {
			"translation": [-0.25, 6, -0.25],
			"scale": [0.2, 0.2, 0.2]
		},
		"gui": {
			"rotation": [30, 135, 0],
			"translation": [0, -1.5, 0],
			"scale": [0.3, 0.3, 0.3]
		},
		"head": {
			"scale": [0, 0, 0]
		},
		"fixed": {
			"rotation": [-90, 0, 0],
			"translation": [0, 0, 4],
			"scale": [2, 2, 2]
		}
	}
}