{"parent":"block/cube","textures":{"particle":"block/interactable/decorations_assembler/decorations_assembler_side","down":"block/interactable/decorations_assembler/decorations_assembler_bottom","up":"block/interactable/decorations_assembler/decorations_assembler_top","north":"block/interactable/decorations_assembler/decorations_assembler_side","east":"block/interactable/decorations_assembler/decorations_assembler_east","south":"block/interactable/decorations_assembler/decorations_assembler_south","west":"block/interactable/decorations_assembler/decorations_assembler_west"}}