{
	"format_version": "1.21.6",
	"credit": "Made with Blockbench",
	"texture_size": [32, 32],
	"textures": {
		"0": "item/food/cake_red",
		"particle": "item/food/cake_red"
	},
	"elements": [
		{
			"from": [2, 0, 2],
			"to": [14, 1, 14],
			"faces": {
				"north": {"uv": [0, 0, 6, 0.5], "texture": "#0"},
				"east": {"uv": [0, 0, 6, 0.5], "texture": "#0"},
				"south": {"uv": [0, 0, 6, 0.5], "texture": "#0"},
				"west": {"uv": [0, 0, 6, 0.5], "texture": "#0"},
				"up": {"uv": [0, 0, 6, 6], "texture": "#0"},
				"down": {"uv": [0, 0, 6, 6], "texture": "#0"}
			}
		},
		{
			"from": [2, 1, 2],
			"to": [14, 7, 14],
			"faces": {
				"north": {"uv": [0, 6, 6, 9], "texture": "#0"},
				"east": {"uv": [0, 6, 6, 9], "texture": "#0"},
				"south": {"uv": [0, 6, 6, 9], "texture": "#0"},
				"west": {"uv": [0, 6, 6, 9], "texture": "#0"},
				"up": {"uv": [0, 9, 6, 15], "texture": "#0"},
				"down": {"uv": [0, 0, 6, 6], "texture": "#0"}
			}
		},
		{
			"from": [3, 1, 3],
			"to": [13, 6, 13],
			"faces": {
				"north": {"uv": [6, 0, 11, 2.5], "texture": "#0"},
				"east": {"uv": [6, 0, 11, 2.5], "texture": "#0"},
				"south": {"uv": [6, 0, 11, 2.5], "texture": "#0"},
				"west": {"uv": [6, 0, 11, 2.5], "texture": "#0"},
				"up": {"uv": [6, 2.5, 11, 7.5], "texture": "#0"},
				"down": {"uv": [0, 0, 10, 10], "texture": "#missing"}
			}
		},
		{
			"from": [1.75, -0.25, 1.75],
			"to": [14.25, 7.25, 14.25],
			"faces": {
				"north": {"uv": [10, 12.5, 16, 16], "texture": "#0"},
				"east": {"uv": [10, 12.5, 16, 16], "texture": "#0"},
				"south": {"uv": [10, 12.5, 16, 16], "texture": "#0"},
				"west": {"uv": [10, 12.5, 16, 16], "texture": "#0"},
				"up": {"uv": [10, 7.5, 16, 13.5], "texture": "#0"},
				"down": {"uv": [10, 7.5, 16, 13.5], "texture": "#0"}
			}
		},
		{
			"from": [-1, 10, 7],
			"to": [3, 10, 9],
			"rotation": {"angle": -22.5, "axis": "z", "origin": [-2, -2, 0]},
			"faces": {
				"north": {"uv": [0, 0, 2, 0], "texture": "#missing"},
				"east": {"uv": [0, 0, 1, 0], "texture": "#missing"},
				"south": {"uv": [0, 0, 2, 0], "texture": "#missing"},
				"west": {"uv": [0, 0, 1, 0], "texture": "#missing"},
				"up": {"uv": [13.5, 10, 15.5, 11], "texture": "#0"},
				"down": {"uv": [13.5, 10, 15.5, 11], "texture": "#0"}
			}
		},
		{
			"from": [7, 9.25, -1],
			"to": [9, 9.25, 3],
			"rotation": {"angle": 22.5, "axis": "x", "origin": [-2, -2, 0]},
			"faces": {
				"north": {"uv": [0, 0, 1, 0], "texture": "#missing"},
				"east": {"uv": [0, 0, 2, 0], "texture": "#missing"},
				"south": {"uv": [0, 0, 1, 0], "texture": "#missing"},
				"west": {"uv": [0, 0, 2, 0], "texture": "#missing"},
				"up": {"uv": [13.5, 10, 15.5, 11], "rotation": 90, "texture": "#0"},
				"down": {"uv": [13.5, 10, 15.5, 11], "rotation": 270, "texture": "#0"}
			}
		},
		{
			"from": [11.75, 2.4, 7],
			"to": [15.75, 2.4, 9],
			"rotation": {"angle": 22.5, "axis": "z", "origin": [-2, -2, 0]},
			"faces": {
				"north": {"uv": [0, 0, 2, 0], "texture": "#missing"},
				"east": {"uv": [0, 0, 1, 0], "texture": "#missing"},
				"south": {"uv": [0, 0, 2, 0], "texture": "#missing"},
				"west": {"uv": [0, 0, 1, 0], "texture": "#missing"},
				"up": {"uv": [13.5, 10, 15.5, 11], "rotation": 180, "texture": "#0"},
				"down": {"uv": [13.5, 10, 15.5, 11], "rotation": 180, "texture": "#0"}
			}
		},
		{
			"from": [-1, 10, 7],
			"to": [-1, 11.65, 9],
			"rotation": {"angle": -22.5, "axis": "z", "origin": [-2, -2, 0]},
			"faces": {
				"north": {"uv": [0, 0, 0, 0.825], "texture": "#missing"},
				"east": {"uv": [12.5, 9.5, 13.5, 10.325], "texture": "#0"},
				"south": {"uv": [0, 0, 0, 0.825], "texture": "#missing"},
				"west": {"uv": [12.5, 9.5, 13.5, 10.325], "texture": "#0"},
				"up": {"uv": [0, 0, 0, 1], "texture": "#0"},
				"down": {"uv": [0, 0, 0, 1], "texture": "#missing"}
			}
		},
		{
			"from": [-6.3, 11, 7],
			"to": [-2, 11, 9],
			"rotation": {"angle": -45, "axis": "z", "origin": [-2, -2, 0]},
			"faces": {
				"north": {"uv": [0, 0, 2.15, 0], "texture": "#missing"},
				"east": {"uv": [0, 0, 1, 0], "texture": "#missing"},
				"south": {"uv": [0, 0, 2.15, 0], "texture": "#missing"},
				"west": {"uv": [0, 0, 1, 0], "texture": "#missing"},
				"up": {"uv": [13.35, 10, 15.5, 11], "texture": "#0"},
				"down": {"uv": [13.5, 10, 15.65, 11], "texture": "#0"}
			}
		},
		{
			"from": [7, 5, 14],
			"to": [9, 5, 18],
			"rotation": {"angle": -22.5, "axis": "x", "origin": [-2, -7, 6]},
			"faces": {
				"north": {"uv": [0, 0, 1, 0], "texture": "#missing"},
				"east": {"uv": [0, 0, 2, 0], "texture": "#missing"},
				"south": {"uv": [0, 0, 1, 0], "texture": "#missing"},
				"west": {"uv": [0, 0, 2, 0], "texture": "#missing"},
				"up": {"uv": [13.5, 10, 15.5, 11], "rotation": 270, "texture": "#0"},
				"down": {"uv": [13.5, 10, 15.5, 11], "rotation": 90, "texture": "#0"}
			}
		},
		{
			"from": [7, 1, 18],
			"to": [9, 1, 22.3],
			"rotation": {"angle": -45, "axis": "x", "origin": [-2, -7, 6]},
			"faces": {
				"north": {"uv": [0, 0, 1, 0], "texture": "#missing"},
				"east": {"uv": [0, 0, 2.15, 0], "texture": "#missing"},
				"south": {"uv": [0, 0, 1, 0], "texture": "#missing"},
				"west": {"uv": [0, 0, 2.15, 0], "texture": "#missing"},
				"up": {"uv": [13.35, 10, 15.5, 11], "rotation": 270, "texture": "#0"},
				"down": {"uv": [13.5, 10, 15.65, 11], "rotation": 90, "texture": "#0"}
			}
		},
		{
			"from": [7, 5, 18],
			"to": [9, 6.65, 18],
			"rotation": {"angle": -22.5, "axis": "x", "origin": [-2, -7, 6]},
			"faces": {
				"north": {"uv": [12.5, 9.5, 13.5, 10.325], "texture": "#0"},
				"east": {"uv": [0, 0, 0, 0.825], "texture": "#missing"},
				"south": {"uv": [12.5, 9.5, 13.5, 10.325], "texture": "#0"},
				"west": {"uv": [0, 0, 0, 0.825], "texture": "#missing"},
				"up": {"uv": [0, 0, 0, 1], "rotation": 270, "texture": "#0"},
				"down": {"uv": [0, 0, 0, 1], "rotation": 90, "texture": "#missing"}
			}
		}
	],
	"display": {
		"thirdperson_righthand": {
			"rotation": [68, 0, 0],
			"translation": [0, 4.5, 3.75],
			"scale": [0.7, 0.7, 0.7]
		},
		"thirdperson_lefthand": {
			"rotation": [68, 0, 0],
			"translation": [0, 4.5, 3.75],
			"scale": [0.7, 0.7, 0.7]
		},
		"firstperson_righthand": {
			"translation": [0, 4, 0],
			"scale": [0.6, 0.6, 0.6]
		},
		"firstperson_lefthand": {
			"translation": [0, 4, 0],
			"scale": [0.6, 0.6, 0.6]
		},
		"ground": {
			"translation": [0, 3, 0],
			"scale": [0.4, 0.4, 0.4]
		},
		"gui": {
			"rotation": [30, 135, 0],
			"translation": [0, 3, 0],
			"scale": [0.8, 0.8, 0.8]
		},
		"head": {
			"scale": [0, 0, 0]
		},
		"fixed": {
			"rotation": [-90, 0, 0],
			"translation": [0, 0, -16],
			"scale": [2, 2, 2]
		}
	}
}