{
	"format_version": "1.21.6",
	"credit": "Made with Blockbench",
	"texture_size": [32, 32],
	"textures": {
		"0": "item/food/food_1",
		"particle": "item/food/food_1"
	},
	"elements": [
		{
			"from": [4.5, 1, 4.5],
			"to": [11.5, 7, 11.5],
			"rotation": {"angle": 0, "axis": "y", "origin": [2.5, 1, 2.5]},
			"faces": {
				"north": {"uv": [0, 4, 3.5, 7], "rotation": 180, "texture": "#0"},
				"east": {"uv": [0, 4, 3.5, 7], "texture": "#0"},
				"south": {"uv": [2, 4, 5.5, 7], "texture": "#0"},
				"west": {"uv": [0, 4, 3.5, 7], "texture": "#0"},
				"up": {"uv": [0, 4, 3.5, 7.5], "rotation": 90, "texture": "#0"},
				"down": {"uv": [2, 5, 5.5, 7], "rotation": 90, "texture": "#0"}
			}
		},
		{
			"from": [3.5, 0, 3.5],
			"to": [12.5, 1, 12.5],
			"rotation": {"angle": 0, "axis": "y", "origin": [2.5, 0, 2.5]},
			"faces": {
				"north": {"uv": [6, 0, 10.5, 0.5], "texture": "#0"},
				"east": {"uv": [6, 0, 10.5, 0.5], "texture": "#0"},
				"south": {"uv": [6, 0, 10.5, 0.5], "texture": "#0"},
				"west": {"uv": [6, 0, 10.5, 0.5], "texture": "#0"},
				"up": {"uv": [6, 0, 10.5, 4.5], "texture": "#0"},
				"down": {"uv": [6, 0, 10.5, 4.5], "texture": "#0"}
			}
		}
	],
	"display": {
		"thirdperson_righthand": {
			"translation": [0, 3.25, 0],
			"scale": [0.4, 0.4, 0.4]
		},
		"thirdperson_lefthand": {
			"translation": [0, 3.25, 0],
			"scale": [0.4, 0.4, 0.4]
		},
		"firstperson_righthand": {
			"translation": [0, 3, 0],
			"scale": [0.5, 0.5, 0.5]
		},
		"firstperson_lefthand": {
			"translation": [0, 3, 0],
			"scale": [0.5, 0.5, 0.51]
		},
		"ground": {
			"translation": [0, 3, 0],
			"scale": [0.4, 0.4, 0.4]
		},
		"gui": {
			"rotation": [30, -45, 0],
			"translation": [0, 3.75, 0],
			"scale": [0.9, 0.9, 0.9]
		},
		"head": {
			"scale": [0, 0, 0]
		},
		"fixed": {
			"rotation": [90, 0, -180],
			"translation": [0, 0, -16],
			"scale": [2, 2, 2]
		}
	}
}