{
	"format_version": "1.21.6",
	"credit": "Made with Blockbench",
	"texture_size": [32, 32],
	"textures": {
		"0": "item/food/food_1",
		"particle": "item/food/food_1"
	},
	"elements": [
		{
			"from": [2, 1, 2],
			"to": [6, 7, 9],
			"rotation": {"angle": 0, "axis": "y", "origin": [0, 1, 0]},
			"faces": {
				"north": {"uv": [0, 4, 2, 7], "rotation": 180, "texture": "#0"},
				"east": {"uv": [0, 4, 3.5, 7], "texture": "#0"},
				"south": {"uv": [3.5, 4, 5.5, 7], "texture": "#0"},
				"west": {"uv": [0, 4, 3.5, 7], "texture": "#0"},
				"up": {"uv": [2, 4.5, 5.5, 6.5], "rotation": 90, "texture": "#0"},
				"down": {"uv": [2, 5, 5.5, 7], "rotation": 90, "texture": "#0"}
			}
		},
		{
			"from": [6, 1, 2],
			"to": [9, 7, 6],
			"rotation": {"angle": 0, "axis": "y", "origin": [0, 1, 0]},
			"faces": {
				"north": {"uv": [0, 4, 1.5, 7], "texture": "#0"},
				"east": {"uv": [3.5, 4, 5.5, 7], "rotation": 180, "texture": "#0"},
				"south": {"uv": [4, 4, 5.5, 7], "texture": "#0"},
				"west": {"uv": [15.5, 15.5, 16, 16], "texture": "#0"},
				"up": {"uv": [4, 4.5, 5.5, 6.5], "texture": "#0"},
				"down": {"uv": [4, 4.5, 5.5, 6.5], "texture": "#0"}
			}
		},
		{
			"from": [10, 0, 4],
			"to": [15, 1, 9],
			"rotation": {"angle": 0, "axis": "y", "origin": [0, 0, 3]},
			"faces": {
				"north": {"uv": [0, 4, 2.5, 4.5], "texture": "#0"},
				"east": {"uv": [2, 6, 4.5, 6.5], "texture": "#0"},
				"south": {"uv": [0, 4, 2.5, 4.5], "texture": "#0"},
				"west": {"uv": [0, 6.5, 2.5, 7], "texture": "#0"},
				"up": {"uv": [2.5, 4.5, 5, 7], "texture": "#0"},
				"down": {"uv": [3, 4.5, 5.5, 7], "texture": "#0"}
			}
		},
		{
			"from": [10, 3.25, 5.75],
			"to": [15, 4.25, 10.75],
			"rotation": {"angle": 22.5, "axis": "x", "origin": [0, 0, 3]},
			"faces": {
				"north": {"uv": [0, 4, 2.5, 4.5], "texture": "#0"},
				"east": {"uv": [2, 6, 4.5, 6.5], "texture": "#0"},
				"south": {"uv": [0, 4, 2.5, 4.5], "texture": "#0"},
				"west": {"uv": [0, 6.5, 2.5, 7], "texture": "#0"},
				"up": {"uv": [3, 4.5, 5.5, 7], "texture": "#0"},
				"down": {"uv": [3, 4.5, 5.5, 7], "rotation": 90, "texture": "#0"}
			}
		},
		{
			"from": [10, 4.35, 8.05],
			"to": [15, 5.35, 13.05],
			"rotation": {"angle": 22.5, "axis": "x", "origin": [0, 0, 3]},
			"faces": {
				"north": {"uv": [0, 4, 2.5, 4.5], "texture": "#0"},
				"east": {"uv": [2, 6, 4.5, 6.5], "texture": "#0"},
				"south": {"uv": [0, 4, 2.5, 4.5], "texture": "#0"},
				"west": {"uv": [0, 6.5, 2.5, 7], "texture": "#0"},
				"up": {"uv": [3, 4.5, 5.5, 7], "texture": "#0"},
				"down": {"uv": [3, 4.5, 5.5, 7], "texture": "#0"}
			}
		},
		{
			"from": [1, 0, 1],
			"to": [10, 1, 10],
			"faces": {
				"north": {"uv": [6, 0, 10.5, 0.5], "texture": "#0"},
				"east": {"uv": [6, 0, 10.5, 0.5], "texture": "#0"},
				"south": {"uv": [6, 0, 10.5, 0.5], "texture": "#0"},
				"west": {"uv": [6, 0, 10.5, 0.5], "texture": "#0"},
				"up": {"uv": [6, 0, 10.5, 4.5], "texture": "#0"},
				"down": {"uv": [6, 0, 10.5, 4.5], "texture": "#0"}
			}
		}
	],
	"display": {
		"thirdperson_righthand": {
			"translation": [0, 3.25, 0],
			"scale": [0.4, 0.4, 0.4]
		},
		"thirdperson_lefthand": {
			"translation": [0, 3.25, 0],
			"scale": [0.4, 0.4, 0.4]
		},
		"firstperson_righthand": {
			"translation": [0, 3, 0],
			"scale": [0.5, 0.5, 0.5]
		},
		"firstperson_lefthand": {
			"translation": [0, 3, 0],
			"scale": [0.5, 0.5, 0.51]
		},
		"ground": {
			"translation": [0, 3, 0],
			"scale": [0.4, 0.4, 0.4]
		},
		"gui": {
			"rotation": [30, -45, 0],
			"translation": [-0.5, 3, 0],
			"scale": [0.8, 0.8, 0.8]
		},
		"head": {
			"scale": [0, 0, 0]
		},
		"fixed": {
			"rotation": [90, 0, -180],
			"translation": [0, 0, -16],
			"scale": [2, 2, 2]
		}
	}
}