{
	"format_version": "1.21.6",
	"credit": "Made with Blockbench",
	"texture_size": [32, 32],
	"textures": {
		"0": "item/food/food_1",
		"particle": "item/food/food_1"
	},
	"elements": [
		{
			"from": [1, 0, 1],
			"to": [5, 8, 5],
			"rotation": {"angle": -45, "axis": "y", "origin": [-2, 4, 8]},
			"faces": {
				"north": {"uv": [10.5, 0, 12.5, 4], "texture": "#0"},
				"east": {"uv": [10.5, 0, 12.5, 4], "texture": "#0"},
				"south": {"uv": [10.5, 0, 12.5, 4], "texture": "#0"},
				"west": {"uv": [10.5, 0, 12.5, 4], "texture": "#0"},
				"up": {"uv": [12.5, 0, 14.5, 2], "rotation": 270, "texture": "#0"},
				"down": {"uv": [12.5, 0, 14.5, 2], "rotation": 90, "texture": "#0"}
			}
		},
		{
			"from": [0.9, 2, 0.9],
			"to": [5.1, 6, 5.1],
			"rotation": {"angle": -45, "axis": "y", "origin": [-2, 4, 8]},
			"faces": {
				"north": {"uv": [12.5, 2, 14.5, 4], "texture": "#0"},
				"east": {"uv": [12.5, 2, 14.5, 4], "texture": "#0"},
				"south": {"uv": [12.5, 2, 14.5, 4], "texture": "#0"},
				"west": {"uv": [12.5, 2, 14.5, 4], "texture": "#0"},
				"up": {"uv": [15.5, 15.5, 16, 16], "rotation": 270, "texture": "#0"},
				"down": {"uv": [15.5, 15.5, 16, 16], "rotation": 90, "texture": "#0"}
			}
		},
		{
			"from": [2, 8, 2],
			"to": [4, 12, 4],
			"rotation": {"angle": -45, "axis": "y", "origin": [-2, 4, 8]},
			"faces": {
				"north": {"uv": [13.5, 0, 14.5, 2], "texture": "#0"},
				"east": {"uv": [12.5, 0, 13.5, 2], "texture": "#0"},
				"south": {"uv": [13.5, 0, 14.5, 2], "texture": "#0"},
				"west": {"uv": [12.5, 0, 13.5, 2], "texture": "#0"},
				"up": {"uv": [12.5, 0, 13.5, 1], "rotation": 270, "texture": "#0"},
				"down": {"uv": [10.5, 3, 11.5, 4], "rotation": 90, "texture": "#0"}
			}
		},
		{
			"from": [2, 12, 2],
			"to": [4, 13, 4],
			"rotation": {"angle": -45, "axis": "y", "origin": [-2, 4, 8]},
			"faces": {
				"north": {"uv": [12.5, 3, 13.5, 3.5], "texture": "#0"},
				"east": {"uv": [12.5, 2, 13.5, 2.5], "texture": "#0"},
				"south": {"uv": [13.5, 2, 14.5, 2.5], "texture": "#0"},
				"west": {"uv": [13.5, 3, 14.5, 3.5], "texture": "#0"},
				"up": {"uv": [12.5, 3, 13.5, 4], "rotation": 270, "texture": "#0"},
				"down": {"uv": [12.5, 3, 13.5, 4], "rotation": 90, "texture": "#0"}
			}
		},
		{
			"from": [9, 0, 2],
			"to": [13, 4, 10],
			"rotation": {"angle": 0, "axis": "y", "origin": [6, 7, 2]},
			"faces": {
				"north": {"uv": [12.5, 0, 14.5, 2], "rotation": 180, "texture": "#0"},
				"east": {"uv": [10.5, 0, 12.5, 4], "rotation": 270, "texture": "#0"},
				"south": {"uv": [12.5, 0, 14.5, 2], "texture": "#0"},
				"west": {"uv": [10.5, 0, 12.5, 4], "rotation": 90, "texture": "#0"},
				"up": {"uv": [10.5, 0, 12.5, 4], "rotation": 180, "texture": "#0"},
				"down": {"uv": [10.5, 0, 12.5, 4], "texture": "#0"}
			}
		},
		{
			"from": [8.9, -0.1, 4],
			"to": [13.1, 4.1, 8],
			"rotation": {"angle": 0, "axis": "y", "origin": [6, 7, 2]},
			"faces": {
				"north": {"uv": [15.5, 15.5, 16, 16], "rotation": 180, "texture": "#0"},
				"east": {"uv": [12.5, 2, 14.5, 4], "rotation": 270, "texture": "#0"},
				"south": {"uv": [15.5, 15.5, 16, 16], "texture": "#0"},
				"west": {"uv": [12.5, 2, 14.5, 4], "rotation": 90, "texture": "#0"},
				"up": {"uv": [12.5, 2, 14.5, 4], "rotation": 180, "texture": "#0"},
				"down": {"uv": [12.5, 2, 14.5, 4], "texture": "#0"}
			}
		},
		{
			"from": [10, 1, 10],
			"to": [12, 3, 14],
			"rotation": {"angle": 0, "axis": "y", "origin": [6, 7, 2]},
			"faces": {
				"north": {"uv": [10.5, 3, 11.5, 4], "rotation": 180, "texture": "#0"},
				"east": {"uv": [13.5, 0, 14.5, 2], "rotation": 270, "texture": "#0"},
				"south": {"uv": [12.5, 0, 13.5, 1], "texture": "#0"},
				"west": {"uv": [13.5, 0, 14.5, 2], "rotation": 90, "texture": "#0"},
				"up": {"uv": [12.5, 0, 13.5, 2], "rotation": 180, "texture": "#0"},
				"down": {"uv": [12.5, 0, 13.5, 2], "texture": "#0"}
			}
		},
		{
			"from": [10, 1, 14],
			"to": [12, 3, 15],
			"rotation": {"angle": 0, "axis": "y", "origin": [6, 7, 6]},
			"faces": {
				"north": {"uv": [12.5, 3, 13.5, 4], "rotation": 180, "texture": "#0"},
				"east": {"uv": [12.5, 3, 13.5, 3.5], "rotation": 270, "texture": "#0"},
				"south": {"uv": [12.5, 3, 13.5, 4], "texture": "#0"},
				"west": {"uv": [13.5, 2, 14.5, 2.5], "rotation": 90, "texture": "#0"},
				"up": {"uv": [13.5, 3, 14.5, 3.5], "rotation": 180, "texture": "#0"},
				"down": {"uv": [12.5, 2, 13.5, 2.5], "texture": "#0"}
			}
		}
	],
	"display": {
		"thirdperson_righthand": {
			"translation": [0, 3.25, 0],
			"scale": [0.4, 0.4, 0.4]
		},
		"thirdperson_lefthand": {
			"translation": [0, 3.25, 0],
			"scale": [0.4, 0.4, 0.4]
		},
		"firstperson_righthand": {
			"translation": [0, 3, 0],
			"scale": [0.5, 0.5, 0.5]
		},
		"firstperson_lefthand": {
			"translation": [0, 3, 0],
			"scale": [0.5, 0.5, 0.51]
		},
		"ground": {
			"translation": [0, 3, 0],
			"scale": [0.4, 0.4, 0.4]
		},
		"gui": {
			"rotation": [35, -90, 0],
			"translation": [0.25, 1.25, 0],
			"scale": [0.8, 0.8, 0.8]
		},
		"head": {
			"scale": [0, 0, 0]
		},
		"fixed": {
			"rotation": [90, 0, -180],
			"translation": [0, 0, -16],
			"scale": [2, 2, 2]
		}
	}
}