{
	"format_version": "1.21.6",
	"credit": "Made with Blockbench",
	"texture_size": [32, 32],
	"textures": {
		"0": "item/food/food_1",
		"particle": "item/food/food_1"
	},
	"elements": [
		{
			"from": [2.5, 0, 2.5],
			"to": [6.5, 8, 6.5],
			"rotation": {"angle": 0, "axis": "y", "origin": [0, 0, -1]},
			"faces": {
				"north": {"uv": [10.5, 0, 12.5, 4], "texture": "#0"},
				"east": {"uv": [10.5, 0, 12.5, 4], "texture": "#0"},
				"south": {"uv": [10.5, 0, 12.5, 4], "texture": "#0"},
				"west": {"uv": [10.5, 0, 12.5, 4], "texture": "#0"},
				"up": {"uv": [12.5, 0, 14.5, 2], "texture": "#0"},
				"down": {"uv": [12.5, 0, 14.5, 2], "texture": "#0"}
			}
		},
		{
			"from": [2.4, 2, 2.4],
			"to": [6.6, 6, 6.6],
			"rotation": {"angle": 0, "axis": "y", "origin": [0, 0, -1]},
			"faces": {
				"north": {"uv": [12.5, 2, 14.5, 4], "texture": "#0"},
				"east": {"uv": [12.5, 2, 14.5, 4], "texture": "#0"},
				"south": {"uv": [12.5, 2, 14.5, 4], "texture": "#0"},
				"west": {"uv": [12.5, 2, 14.5, 4], "texture": "#0"},
				"up": {"uv": [15.5, 15.5, 16, 16], "texture": "#0"},
				"down": {"uv": [15.5, 15.5, 16, 16], "texture": "#0"}
			}
		},
		{
			"from": [3.5, 8, 3.5],
			"to": [5.5, 12, 5.5],
			"rotation": {"angle": 0, "axis": "y", "origin": [0, 0, -1]},
			"faces": {
				"north": {"uv": [12.5, 0, 13.5, 2], "texture": "#0"},
				"east": {"uv": [13.5, 0, 14.5, 2], "texture": "#0"},
				"south": {"uv": [12.5, 0, 13.5, 2], "texture": "#0"},
				"west": {"uv": [13.5, 0, 14.5, 2], "texture": "#0"},
				"up": {"uv": [12.5, 0, 13.5, 1], "texture": "#0"},
				"down": {"uv": [12.5, 1, 13.5, 2], "texture": "#0"}
			}
		},
		{
			"from": [12.9, 2, 2.6],
			"to": [17.1, 6, 6.8],
			"rotation": {"angle": -45, "axis": "y", "origin": [3.5, 0, -0.8]},
			"faces": {
				"north": {"uv": [12.5, 2, 14.5, 4], "texture": "#0"},
				"east": {"uv": [12.5, 2, 14.5, 4], "texture": "#0"},
				"south": {"uv": [12.5, 2, 14.5, 4], "texture": "#0"},
				"west": {"uv": [12.5, 2, 14.5, 4], "texture": "#0"},
				"up": {"uv": [15.5, 15.5, 16, 16], "texture": "#0"},
				"down": {"uv": [15.5, 15.5, 16, 16], "texture": "#0"}
			}
		},
		{
			"from": [13, 0, 2.7],
			"to": [17, 8, 6.7],
			"rotation": {"angle": -45, "axis": "y", "origin": [3.5, 0, -0.8]},
			"faces": {
				"north": {"uv": [10.5, 0, 12.5, 4], "texture": "#0"},
				"east": {"uv": [10.5, 0, 12.5, 4], "texture": "#0"},
				"south": {"uv": [10.5, 0, 12.5, 4], "texture": "#0"},
				"west": {"uv": [10.5, 0, 12.5, 4], "texture": "#0"},
				"up": {"uv": [12.5, 0, 14.5, 2], "texture": "#0"},
				"down": {"uv": [12.5, 0, 14.5, 2], "texture": "#0"}
			}
		},
		{
			"from": [14, 8, 3.7],
			"to": [16, 12, 5.7],
			"rotation": {"angle": -45, "axis": "y", "origin": [3.5, 0, -0.8]},
			"faces": {
				"north": {"uv": [12.5, 0, 13.5, 2], "texture": "#0"},
				"east": {"uv": [13.5, 0, 14.5, 2], "texture": "#0"},
				"south": {"uv": [12.5, 0, 13.5, 2], "texture": "#0"},
				"west": {"uv": [13.5, 0, 14.5, 2], "texture": "#0"},
				"up": {"uv": [12.5, 0, 13.5, 1], "texture": "#0"},
				"down": {"uv": [12.5, 1, 13.5, 2], "texture": "#0"}
			}
		},
		{
			"from": [6.4, 2, 6.4],
			"to": [10.6, 6, 10.6],
			"rotation": {"angle": 22.5, "axis": "y", "origin": [0, 0, -1]},
			"faces": {
				"north": {"uv": [12.5, 2, 14.5, 4], "texture": "#0"},
				"east": {"uv": [12.5, 2, 14.5, 4], "texture": "#0"},
				"south": {"uv": [12.5, 2, 14.5, 4], "texture": "#0"},
				"west": {"uv": [12.5, 2, 14.5, 4], "texture": "#0"},
				"up": {"uv": [15.5, 15.5, 16, 16], "rotation": 90, "texture": "#0"},
				"down": {"uv": [15.5, 15.5, 16, 16], "rotation": 270, "texture": "#0"}
			}
		},
		{
			"from": [6.5, 0, 6.5],
			"to": [10.5, 8, 10.5],
			"rotation": {"angle": 22.5, "axis": "y", "origin": [0, 0, -1]},
			"faces": {
				"north": {"uv": [10.5, 0, 12.5, 4], "texture": "#0"},
				"east": {"uv": [10.5, 0, 12.5, 4], "texture": "#0"},
				"south": {"uv": [10.5, 0, 12.5, 4], "texture": "#0"},
				"west": {"uv": [10.5, 0, 12.5, 4], "texture": "#0"},
				"up": {"uv": [12.5, 0, 14.5, 2], "rotation": 90, "texture": "#0"},
				"down": {"uv": [12.5, 0, 14.5, 2], "rotation": 270, "texture": "#0"}
			}
		},
		{
			"from": [7.5, 8, 7.5],
			"to": [9.5, 12, 9.5],
			"rotation": {"angle": 22.5, "axis": "y", "origin": [0, 0, -1]},
			"faces": {
				"north": {"uv": [13.5, 0, 14.5, 2], "texture": "#0"},
				"east": {"uv": [12.5, 0, 13.5, 2], "texture": "#0"},
				"south": {"uv": [13.5, 0, 14.5, 2], "texture": "#0"},
				"west": {"uv": [12.5, 0, 13.5, 2], "texture": "#0"},
				"up": {"uv": [12.5, 0, 13.5, 1], "rotation": 90, "texture": "#0"},
				"down": {"uv": [12.5, 1, 13.5, 2], "rotation": 270, "texture": "#0"}
			}
		},
		{
			"from": [3.5, 12, 3.5],
			"to": [5.5, 13, 5.5],
			"rotation": {"angle": 0, "axis": "y", "origin": [0, 4, -1]},
			"faces": {
				"north": {"uv": [13.5, 3, 14.5, 3.5], "texture": "#0"},
				"east": {"uv": [12.5, 3, 13.5, 3.5], "texture": "#0"},
				"south": {"uv": [12.5, 2, 13.5, 2.5], "texture": "#0"},
				"west": {"uv": [13.5, 2, 14.5, 2.5], "texture": "#0"},
				"up": {"uv": [12.5, 3, 13.5, 4], "texture": "#0"},
				"down": {"uv": [12.5, 3, 13.5, 4], "texture": "#0"}
			}
		},
		{
			"from": [7.5, 12, 7.5],
			"to": [9.5, 13, 9.5],
			"rotation": {"angle": 22.5, "axis": "y", "origin": [0, 4, -1]},
			"faces": {
				"north": {"uv": [13.5, 3.5, 14.5, 4], "texture": "#0"},
				"east": {"uv": [13.5, 3, 14.5, 3.5], "texture": "#0"},
				"south": {"uv": [12.5, 3, 13.5, 3.5], "texture": "#0"},
				"west": {"uv": [12.5, 2, 13.5, 2.5], "texture": "#0"},
				"up": {"uv": [12.5, 3, 13.5, 4], "rotation": 90, "texture": "#0"},
				"down": {"uv": [12.5, 3, 13.5, 4], "rotation": 270, "texture": "#0"}
			}
		},
		{
			"from": [14, 12, 3.7],
			"to": [16, 13, 5.7],
			"rotation": {"angle": -45, "axis": "y", "origin": [3.5, 4, -0.8]},
			"faces": {
				"north": {"uv": [12.5, 3, 13.5, 3.5], "texture": "#0"},
				"east": {"uv": [13.5, 3, 14.5, 3.5], "texture": "#0"},
				"south": {"uv": [12.5, 2, 13.5, 2.5], "texture": "#0"},
				"west": {"uv": [13.5, 3.5, 14.5, 4], "texture": "#0"},
				"up": {"uv": [12.5, 3, 13.5, 4], "texture": "#0"},
				"down": {"uv": [12.5, 3, 13.5, 4], "texture": "#0"}
			}
		}
	],
	"display": {
		"thirdperson_righthand": {
			"translation": [0, 3.25, 0],
			"scale": [0.4, 0.4, 0.4]
		},
		"thirdperson_lefthand": {
			"translation": [0, 3.25, 0],
			"scale": [0.4, 0.4, 0.4]
		},
		"firstperson_righthand": {
			"translation": [0, 3, 0],
			"scale": [0.5, 0.5, 0.5]
		},
		"firstperson_lefthand": {
			"translation": [0, 3, 0],
			"scale": [0.5, 0.5, 0.51]
		},
		"ground": {
			"translation": [0, 3, 0],
			"scale": [0.4, 0.4, 0.4]
		},
		"gui": {
			"rotation": [30, -45, 0],
			"translation": [-1, 0.75, 0],
			"scale": [0.8, 0.8, 0.8]
		},
		"head": {
			"scale": [0, 0, 0]
		},
		"fixed": {
			"rotation": [90, 0, -180],
			"translation": [0, 0, -16],
			"scale": [2, 2, 2]
		}
	}
}