{
	"format_version": "1.21.6",
	"credit": "Made with Blockbench",
	"texture_size": [32, 32],
	"textures": {
		"0": "item/food/food_1",
		"particle": "item/food/food_1"
	},
	"elements": [
		{
			"from": [6, 0, 6],
			"to": [10, 8, 10],
			"rotation": {"angle": 0, "axis": "y", "origin": [3, 0, 3]},
			"faces": {
				"north": {"uv": [10.5, 0, 12.5, 4], "texture": "#0"},
				"east": {"uv": [10.5, 0, 12.5, 4], "texture": "#0"},
				"south": {"uv": [10.5, 0, 12.5, 4], "texture": "#0"},
				"west": {"uv": [10.5, 0, 12.5, 4], "texture": "#0"},
				"up": {"uv": [12.5, 0, 14.5, 2], "texture": "#0"},
				"down": {"uv": [12.5, 0, 14.5, 2], "texture": "#0"}
			}
		},
		{
			"from": [5.9, 2, 5.9],
			"to": [10.1, 6, 10.1],
			"rotation": {"angle": 0, "axis": "y", "origin": [3, 0, 3]},
			"faces": {
				"north": {"uv": [12.5, 2, 14.5, 4], "texture": "#0"},
				"east": {"uv": [12.5, 2, 14.5, 4], "texture": "#0"},
				"south": {"uv": [12.5, 2, 14.5, 4], "texture": "#0"},
				"west": {"uv": [12.5, 2, 14.5, 4], "texture": "#0"},
				"up": {"uv": [15.5, 15.5, 16, 16], "texture": "#0"},
				"down": {"uv": [15.5, 15.5, 16, 16], "texture": "#0"}
			}
		},
		{
			"from": [7, 8, 7],
			"to": [9, 12, 9],
			"rotation": {"angle": 0, "axis": "y", "origin": [3, 0, 3]},
			"faces": {
				"north": {"uv": [12.5, 0, 13.5, 2], "texture": "#0"},
				"east": {"uv": [13.5, 0, 14.5, 2], "texture": "#0"},
				"south": {"uv": [12.5, 0, 13.5, 2], "texture": "#0"},
				"west": {"uv": [13.5, 0, 14.5, 2], "texture": "#0"},
				"up": {"uv": [12.5, 0, 13.5, 1], "texture": "#0"},
				"down": {"uv": [10.5, 3, 11.5, 4], "texture": "#0"}
			}
		},
		{
			"from": [7, 12, 7],
			"to": [9, 13, 9],
			"rotation": {"angle": 0, "axis": "y", "origin": [3, 4, 3]},
			"faces": {
				"north": {"uv": [13.5, 3, 14.5, 3.5], "texture": "#0"},
				"east": {"uv": [12.5, 3, 13.5, 3.5], "texture": "#0"},
				"south": {"uv": [12.5, 2, 13.5, 2.5], "texture": "#0"},
				"west": {"uv": [13.5, 2, 14.5, 2.5], "texture": "#0"},
				"up": {"uv": [12.5, 3, 13.5, 4], "texture": "#0"},
				"down": {"uv": [12.5, 3, 13.5, 4], "texture": "#0"}
			}
		}
	],
	"display": {
		"thirdperson_righthand": {
			"translation": [0, 3.25, 0],
			"scale": [0.8, 0.8, 0.8]
		},
		"thirdperson_lefthand": {
			"translation": [0, 3.25, 0],
			"scale": [0.4, 0.4, 0.4]
		},
		"firstperson_righthand": {
			"rotation": [-11.32, 0.22, 1.37],
			"translation": [0, 3, 2.25],
			"scale": [0.5, 0.5, 0.5]
		},
		"firstperson_lefthand": {
			"rotation": [-5.16, 9.66, -0.08],
			"translation": [0, 3, 1.25],
			"scale": [0.5, 0.5, 0.51]
		},
		"ground": {
			"translation": [0, 3, 0],
			"scale": [0.4, 0.4, 0.4]
		},
		"gui": {
			"rotation": [30, 135, 0],
			"translation": [0, 1.5, 0]
		},
		"head": {
			"scale": [0, 0, 0]
		},
		"fixed": {
			"rotation": [90, 0, -180],
			"translation": [0, 0, -16],
			"scale": [2, 2, 2]
		},
		"on_shelf": {
			"scale": [1.9, 1.9, 1.9]
		}
	}
}