{
	"format_version": "1.21.6",
	"credit": "Made with Blockbench",
	"texture_size": [32, 32],
	"textures": {
		"0": "item/food/fried_chicken",
		"particle": "item/food/fried_chicken"
	},
	"elements": [
		{
			"from": [2, 0, 2],
			"to": [14, 1, 14],
			"rotation": {"angle": 0, "axis": "y", "origin": [0, 0, 1]},
			"faces": {
				"north": {"uv": [0, 0, 6, 0.5], "texture": "#0"},
				"east": {"uv": [0, 0, 6, 0.5], "texture": "#0"},
				"south": {"uv": [0, 0, 6, 0.5], "texture": "#0"},
				"west": {"uv": [0, 0, 6, 0.5], "texture": "#0"},
				"up": {"uv": [0, 0, 6, 6], "rotation": 180, "texture": "#0"},
				"down": {"uv": [0, 0, 6, 6], "rotation": 180, "texture": "#0"}
			}
		},
		{
			"from": [4, 1, 3],
			"to": [12, 7, 12],
			"rotation": {"angle": 0, "axis": "y", "origin": [0, 0, 1]},
			"faces": {
				"north": {"uv": [12, 7.5, 16, 10.5], "texture": "#0"},
				"east": {"uv": [10, 0, 13, 4.5], "rotation": 90, "texture": "#0"},
				"south": {"uv": [12, 4.5, 16, 7.5], "texture": "#0"},
				"west": {"uv": [13, 0, 16, 4.5], "rotation": 90, "texture": "#0"},
				"up": {"uv": [6, 0, 10, 4.5], "rotation": 180, "texture": "#0"},
				"down": {"uv": [6, 0, 10, 4.5], "texture": "#0"}
			}
		},
		{
			"from": [3, -2, 11],
			"to": [6, 1, 15],
			"rotation": {"angle": -22.5, "axis": "x", "origin": [0, 0, 1]},
			"faces": {
				"north": {"uv": [8, 4.5, 9.5, 6], "texture": "#0"},
				"east": {"uv": [6, 4.5, 8, 6], "rotation": 180, "texture": "#0"},
				"south": {"uv": [9.5, 4.5, 11, 6], "texture": "#0"},
				"west": {"uv": [6, 4.5, 8, 6], "texture": "#0"},
				"up": {"uv": [6, 4.5, 8, 6], "rotation": 90, "texture": "#0"},
				"down": {"uv": [6, 4.5, 8, 6], "rotation": 270, "texture": "#0"}
			}
		},
		{
			"from": [10, -2, 11],
			"to": [13, 1, 15],
			"rotation": {"angle": -22.5, "axis": "x", "origin": [0, 0, 1]},
			"faces": {
				"north": {"uv": [8, 4.5, 9.5, 6], "texture": "#0"},
				"east": {"uv": [6, 4.5, 8, 6], "rotation": 180, "texture": "#0"},
				"south": {"uv": [9.5, 4.5, 11, 6], "texture": "#0"},
				"west": {"uv": [6, 4.5, 8, 6], "texture": "#0"},
				"up": {"uv": [6, 4.5, 8, 6], "rotation": 90, "texture": "#0"},
				"down": {"uv": [6, 4.5, 8, 6], "rotation": 270, "texture": "#0"}
			}
		},
		{
			"from": [3, 1, 4],
			"to": [4, 3, 9],
			"rotation": {"angle": -22.5, "axis": "x", "origin": [0, 0, 1]},
			"faces": {
				"north": {"uv": [8, 5, 8.5, 6], "texture": "#0"},
				"east": {"uv": [6, 5, 8.5, 6], "texture": "#0"},
				"south": {"uv": [6, 5, 6.5, 6], "texture": "#0"},
				"west": {"uv": [6, 5, 8.5, 6], "rotation": 180, "texture": "#0"},
				"up": {"uv": [6, 5, 8.5, 5.5], "rotation": 270, "texture": "#0"},
				"down": {"uv": [6, 5.5, 8.5, 6], "rotation": 90, "texture": "#0"}
			}
		},
		{
			"from": [12, 1, 4],
			"to": [13, 3, 9],
			"rotation": {"angle": -22.5, "axis": "x", "origin": [0, 0, 1]},
			"faces": {
				"north": {"uv": [8, 5, 8.5, 6], "texture": "#0"},
				"east": {"uv": [6, 5, 8.5, 6], "texture": "#0"},
				"south": {"uv": [6, 5, 6.5, 6], "texture": "#0"},
				"west": {"uv": [6, 5, 8.5, 6], "rotation": 180, "texture": "#0"},
				"up": {"uv": [6, 5, 8.5, 5.5], "rotation": 270, "texture": "#0"},
				"down": {"uv": [6, 5.5, 8.5, 6], "rotation": 90, "texture": "#0"}
			}
		},
		{
			"from": [4, -1, 15],
			"to": [5, 0, 17],
			"rotation": {"angle": -22.5, "axis": "x", "origin": [0, 0, 1]},
			"faces": {
				"north": {"uv": [11, 5, 11.5, 5.5], "texture": "#0"},
				"east": {"uv": [11, 4.5, 11.5, 5.5], "rotation": 270, "texture": "#0"},
				"south": {"uv": [11, 4.5, 11.5, 5], "texture": "#0"},
				"west": {"uv": [11, 4.5, 11.5, 5.5], "rotation": 90, "texture": "#0"},
				"up": {"uv": [11, 4.5, 11.5, 5.5], "rotation": 180, "texture": "#0"},
				"down": {"uv": [11, 4.5, 11.5, 5.5], "texture": "#0"}
			}
		},
		{
			"from": [11, -1, 15],
			"to": [12, 0, 17],
			"rotation": {"angle": -22.5, "axis": "x", "origin": [0, 0, 1]},
			"faces": {
				"north": {"uv": [11, 5, 11.5, 5.5], "texture": "#0"},
				"east": {"uv": [11, 4.5, 11.5, 5.5], "rotation": 270, "texture": "#0"},
				"south": {"uv": [11, 4.5, 11.5, 5], "texture": "#0"},
				"west": {"uv": [11, 4.5, 11.5, 5.5], "rotation": 90, "texture": "#0"},
				"up": {"uv": [11, 4.5, 11.5, 5.5], "rotation": 180, "texture": "#0"},
				"down": {"uv": [11, 4.5, 11.5, 5.5], "texture": "#0"}
			}
		}
	],
	"display": {
		"thirdperson_righthand": {
			"rotation": [68, 0, 0],
			"translation": [0, 4.75, 4.5],
			"scale": [0.8, 0.8, 0.8]
		},
		"thirdperson_lefthand": {
			"rotation": [68, 0, 0],
			"translation": [0, 4.75, 4.5],
			"scale": [0.8, 0.8, 0.8]
		},
		"firstperson_righthand": {
			"translation": [0, 3, 0],
			"scale": [0.6, 0.6, 0.6]
		},
		"firstperson_lefthand": {
			"translation": [0, 3, 0],
			"scale": [0.6, 0.6, 0.6]
		},
		"ground": {
			"translation": [0, 3, 0],
			"scale": [0.4, 0.4, 0.4]
		},
		"gui": {
			"rotation": [30, 135, 0],
			"translation": [0, 2.5, 0],
			"scale": [0.8, 0.8, 0.8]
		},
		"head": {
			"scale": [0, 0, 0]
		},
		"fixed": {
			"rotation": [-90, 0, 0],
			"translation": [0, 0, -16],
			"scale": [2, 2, 2]
		}
	}
}