{
	"format_version": "1.21.6",
	"credit": "Made with Blockbench",
	"texture_size": [32, 32],
	"textures": {
		"0": "item/food/food_1",
		"particle": "item/food/food_1"
	},
	"elements": [
		{
			"from": [2, 0, 3],
			"to": [6, 8, 7],
			"rotation": {"angle": 0, "axis": "y", "origin": [-8, 0, 1]},
			"faces": {
				"north": {"uv": [0, 0, 2, 4], "texture": "#0"},
				"east": {"uv": [0, 0, 2, 4], "texture": "#0"},
				"south": {"uv": [0, 0, 2, 4], "texture": "#0"},
				"west": {"uv": [0, 0, 2, 4], "texture": "#0"},
				"up": {"uv": [2, 1.5, 4, 3.5], "texture": "#0"},
				"down": {"uv": [2, 0, 3, 1], "texture": "#0"}
			}
		},
		{
			"from": [2, 9.35, -4.6],
			"to": [6, 9.35, -1.85],
			"rotation": {"angle": 45, "axis": "x", "origin": [-8, -2, 1]},
			"faces": {
				"north": {"uv": [0, 0, 4, 0], "rotation": 180, "texture": "#missing"},
				"east": {"uv": [0, 0, 0, 2.75], "rotation": 270, "texture": "#missing"},
				"south": {"uv": [0, 0, 4, 0], "texture": "#missing"},
				"west": {"uv": [0, 0, 0, 2.75], "rotation": 90, "texture": "#missing"},
				"up": {"uv": [2, 0, 4, 1.375], "rotation": 180, "texture": "#0"},
				"down": {"uv": [2, 0, 4, 1.375], "texture": "#0"}
			}
		},
		{
			"from": [2, 3.65, 9.5],
			"to": [6, 3.65, 12.25],
			"rotation": {"angle": -45, "axis": "x", "origin": [-8, -2, 1]},
			"faces": {
				"north": {"uv": [0, 0, 4, 0], "rotation": 180, "texture": "#missing"},
				"east": {"uv": [0, 0, 0, 2.75], "rotation": 270, "texture": "#missing"},
				"south": {"uv": [0, 0, 4, 0], "texture": "#missing"},
				"west": {"uv": [0, 0, 0, 2.75], "rotation": 90, "texture": "#missing"},
				"up": {"uv": [2, 0, 4, 1.375], "rotation": 180, "texture": "#0"},
				"down": {"uv": [2, 0, 4, 1.375], "texture": "#0"}
			}
		},
		{
			"from": [2, 9.9, 5],
			"to": [6, 11.9, 5],
			"rotation": {"angle": 0, "axis": "y", "origin": [-8, -2, 1]},
			"faces": {
				"north": {"uv": [2, 0, 4, 1], "texture": "#0"},
				"east": {"uv": [0, 0, 0, 2], "texture": "#missing"},
				"south": {"uv": [2, 0, 4, 1], "texture": "#0"},
				"west": {"uv": [0, 0, 0, 2], "texture": "#missing"},
				"up": {"uv": [0, 0, 4, 0], "texture": "#missing"},
				"down": {"uv": [0, 0, 4, 0], "texture": "#missing"}
			}
		},
		{
			"from": [10, 0, 6],
			"to": [14, 8, 10],
			"rotation": {"angle": 0, "axis": "z", "origin": [0, 0, 4]},
			"faces": {
				"north": {"uv": [0, 0, 2, 4], "texture": "#0"},
				"east": {"uv": [0, 0, 2, 4], "texture": "#0"},
				"south": {"uv": [0, 0, 2, 4], "texture": "#0"},
				"west": {"uv": [0, 0, 2, 4], "texture": "#0"},
				"up": {"uv": [2, 1.5, 4, 3.5], "texture": "#0"},
				"down": {"uv": [2, 0, 3, 1], "texture": "#0"}
			}
		},
		{
			"from": [10, 9.9, 8],
			"to": [14, 11.9, 8],
			"rotation": {"angle": 0, "axis": "z", "origin": [0, -2, 4]},
			"faces": {
				"north": {"uv": [2, 0, 4, 1], "texture": "#0"},
				"east": {"uv": [0, 0, 0, 2], "texture": "#missing"},
				"south": {"uv": [2, 0, 4, 1], "texture": "#0"},
				"west": {"uv": [0, 0, 0, 2], "texture": "#missing"},
				"up": {"uv": [0, 0, 4, 0], "texture": "#missing"},
				"down": {"uv": [0, 0, 4, 0], "texture": "#missing"}
			}
		},
		{
			"from": [10, 3.65, 12.5],
			"to": [14, 3.65, 15.25],
			"rotation": {"angle": -45, "axis": "x", "origin": [0, -2, 4]},
			"faces": {
				"north": {"uv": [0, 0, 4, 0], "rotation": 180, "texture": "#missing"},
				"east": {"uv": [0, 0, 0, 2.75], "rotation": 270, "texture": "#missing"},
				"south": {"uv": [0, 0, 4, 0], "texture": "#missing"},
				"west": {"uv": [0, 0, 0, 2.75], "rotation": 90, "texture": "#missing"},
				"up": {"uv": [2, 0, 4, 1.375], "rotation": 180, "texture": "#0"},
				"down": {"uv": [2, 0, 4, 1.375], "texture": "#0"}
			}
		},
		{
			"from": [3, 0, 10],
			"to": [7, 8, 14],
			"rotation": {"angle": 0, "axis": "y", "origin": [0, 0, 15]},
			"faces": {
				"north": {"uv": [0, 0, 2, 4], "texture": "#0"},
				"east": {"uv": [0, 0, 2, 4], "texture": "#0"},
				"south": {"uv": [0, 0, 2, 4], "texture": "#0"},
				"west": {"uv": [0, 0, 2, 4], "texture": "#0"},
				"up": {"uv": [2, 1.5, 4, 3.5], "texture": "#0"},
				"down": {"uv": [2, 0, 3, 1], "texture": "#0"}
			}
		},
		{
			"from": [5, 10, 10],
			"to": [5, 12, 14],
			"rotation": {"angle": 0, "axis": "y", "origin": [0, -2, 15]},
			"faces": {
				"north": {"uv": [0, 0, 0, 2], "texture": "#0"},
				"east": {"uv": [2, 0, 4, 1], "texture": "#0"},
				"south": {"uv": [0, 0, 0, 2], "texture": "#0"},
				"west": {"uv": [2, 0, 4, 1], "texture": "#0"},
				"up": {"uv": [0, 0, 4, 0], "rotation": 90, "texture": "#0"},
				"down": {"uv": [0, 0, 4, 0], "rotation": 270, "texture": "#0"}
			}
		},
		{
			"from": [-4.95, 10.05, 10],
			"to": [-2.1, 10.05, 14],
			"rotation": {"angle": -45, "axis": "z", "origin": [0, -2, 15]},
			"faces": {
				"north": {"uv": [0, 0, 0, 2.75], "rotation": 90, "texture": "#0"},
				"east": {"uv": [0, 0, 4, 0], "rotation": 180, "texture": "#0"},
				"south": {"uv": [0, 0, 0, 2.75], "rotation": 270, "texture": "#0"},
				"west": {"uv": [0, 0, 4, 0], "texture": "#0"},
				"up": {"uv": [2, 0, 4, 1.375], "rotation": 270, "texture": "#0"},
				"down": {"uv": [2, 0, 4, 1.375], "rotation": 270, "texture": "#0"}
			}
		},
		{
			"from": [-4.95, 7.15, 10],
			"to": [-4.95, 10, 14],
			"rotation": {"angle": -45, "axis": "z", "origin": [0, -2, 15]},
			"faces": {
				"north": {"uv": [0, 0, 0, 2.75], "texture": "#0"},
				"east": {"uv": [2, 0, 4, 1.375], "texture": "#0"},
				"south": {"uv": [0, 0, 0, 2.75], "texture": "#0"},
				"west": {"uv": [2, 0, 4, 1.375], "texture": "#0"},
				"up": {"uv": [0, 0, 4, 0], "rotation": 90, "texture": "#0"},
				"down": {"uv": [0, 0, 4, 0], "rotation": 270, "texture": "#0"}
			}
		},
		{
			"from": [10, 9.35, -1.6],
			"to": [14, 9.35, 1.15],
			"rotation": {"angle": 45, "axis": "x", "origin": [0, -2, 4]},
			"faces": {
				"north": {"uv": [0, 0, 4, 0], "rotation": 180, "texture": "#missing"},
				"east": {"uv": [0, 0, 0, 2.75], "rotation": 270, "texture": "#missing"},
				"south": {"uv": [0, 0, 4, 0], "texture": "#missing"},
				"west": {"uv": [0, 0, 0, 2.75], "rotation": 90, "texture": "#missing"},
				"up": {"uv": [2, 0, 4, 1.375], "rotation": 180, "texture": "#0"},
				"down": {"uv": [2, 0, 4, 1.375], "texture": "#0"}
			}
		}
	],
	"display": {
		"thirdperson_righthand": {
			"translation": [0, 3.25, 0],
			"scale": [0.4, 0.4, 0.4]
		},
		"thirdperson_lefthand": {
			"translation": [0, 3.25, 0],
			"scale": [0.4, 0.4, 0.4]
		},
		"firstperson_righthand": {
			"translation": [0, 3, 0],
			"scale": [0.5, 0.5, 0.5]
		},
		"firstperson_lefthand": {
			"translation": [0, 3, 0],
			"scale": [0.5, 0.5, 0.51]
		},
		"ground": {
			"translation": [0, 3, 0],
			"scale": [0.4, 0.4, 0.4]
		},
		"gui": {
			"rotation": [30, 135, 0],
			"translation": [-1, 2.25, 0],
			"scale": [0.9, 0.9, 0.9]
		},
		"head": {
			"scale": [0, 0, 0]
		},
		"fixed": {
			"rotation": [-90, 0, 0],
			"translation": [0, 0, -16],
			"scale": [2, 2, 2]
		}
	}
}