{
	"format_version": "1.21.6",
	"credit": "Made with Blockbench",
	"texture_size": [32, 32],
	"textures": {
		"1": "item/decorations/candle_e",
		"2": "item/decorations/candle",
		"3": "item/decorations/craftable/silver_chandelier_1",
		"particle": "item/decorations/candle"
	},
	"elements": [
		{
			"from": [7, 0, 19],
			"to": [9, 7, 21],
			"rotation": {"angle": 0, "axis": "y", "origin": [4, 0, 15]},
			"faces": {
				"north": {"uv": [2, 0, 4, 7], "texture": "#2"},
				"east": {"uv": [0, 0, 2, 7], "texture": "#2"},
				"south": {"uv": [2, 0, 4, 7], "texture": "#2"},
				"west": {"uv": [0, 0, 2, 7], "texture": "#2"},
				"up": {"uv": [0, 7, 2, 9], "texture": "#2"},
				"down": {"uv": [14, 0, 16, 2], "texture": "#1"}
			}
		},
		{
			"from": [6.8, 1.2, 18.8],
			"to": [9.2, 7.2, 21.2],
			"rotation": {"angle": 0, "axis": "y", "origin": [4, 0, 15]},
			"faces": {
				"north": {"uv": [8, 0, 10, 5], "texture": "#2"},
				"east": {"uv": [10, 0, 12, 5], "texture": "#2"},
				"south": {"uv": [8, 0, 10, 5], "texture": "#2"},
				"west": {"uv": [10, 0, 12, 5], "texture": "#2"},
				"up": {"uv": [0, 7, 2, 9], "texture": "#2"},
				"down": {"uv": [14, 0, 16, 2], "texture": "#1"}
			}
		},
		{
			"from": [9.25, 7, 16.05],
			"to": [12.25, 11, 16.05],
			"rotation": {"angle": -45, "axis": "y", "origin": [4.6, 1, 14.65]},
			"faces": {
				"north": {"uv": [12, 11, 16, 16], "texture": "#1"},
				"east": {"uv": [16, 0, 16, 3], "texture": "#1"},
				"south": {"uv": [12, 11, 16, 16], "texture": "#2"},
				"west": {"uv": [16, 0, 16, 3], "texture": "#1"},
				"up": {"uv": [14, 0, 16, 0], "texture": "#1"},
				"down": {"uv": [14, 0, 16, 0], "texture": "#1"}
			}
		},
		{
			"from": [1.7, 7, 20.8],
			"to": [4.7, 11, 20.8],
			"rotation": {"angle": 45, "axis": "y", "origin": [4.6, 1, 14.65]},
			"faces": {
				"north": {"uv": [12, 11, 16, 16], "texture": "#2"},
				"east": {"uv": [16, 0, 16, 3], "texture": "#1"},
				"south": {"uv": [12, 11, 16, 16], "texture": "#2"},
				"west": {"uv": [16, 0, 16, 3], "texture": "#1"},
				"up": {"uv": [14, 0, 16, 0], "texture": "#1"},
				"down": {"uv": [14, 0, 16, 0], "texture": "#1"}
			}
		},
		{
			"from": [7, 0, -5],
			"to": [9, 7, -3],
			"rotation": {"angle": 0, "axis": "y", "origin": [4, 0, -9]},
			"faces": {
				"north": {"uv": [2, 0, 4, 7], "texture": "#2"},
				"east": {"uv": [0, 0, 2, 7], "texture": "#2"},
				"south": {"uv": [2, 0, 4, 7], "texture": "#2"},
				"west": {"uv": [0, 0, 2, 7], "texture": "#2"},
				"up": {"uv": [0, 7, 2, 9], "texture": "#2"},
				"down": {"uv": [14, 0, 16, 2], "texture": "#1"}
			}
		},
		{
			"from": [6.8, 1.2, -5.2],
			"to": [9.2, 7.2, -2.8],
			"rotation": {"angle": 0, "axis": "y", "origin": [4, 0, -9]},
			"faces": {
				"north": {"uv": [8, 0, 10, 5], "texture": "#2"},
				"east": {"uv": [10, 0, 12, 5], "texture": "#2"},
				"south": {"uv": [8, 0, 10, 5], "texture": "#2"},
				"west": {"uv": [10, 0, 12, 5], "texture": "#2"},
				"up": {"uv": [0, 7, 2, 9], "texture": "#2"},
				"down": {"uv": [14, 0, 16, 2], "texture": "#1"}
			}
		},
		{
			"from": [9.25, 7, -7.95],
			"to": [12.25, 11, -7.95],
			"rotation": {"angle": -45, "axis": "y", "origin": [4.6, 1, -9.35]},
			"faces": {
				"north": {"uv": [12, 11, 16, 16], "texture": "#1"},
				"east": {"uv": [16, 0, 16, 3], "texture": "#1"},
				"south": {"uv": [12, 11, 16, 16], "texture": "#2"},
				"west": {"uv": [16, 0, 16, 3], "texture": "#1"},
				"up": {"uv": [14, 0, 16, 0], "texture": "#1"},
				"down": {"uv": [14, 0, 16, 0], "texture": "#1"}
			}
		},
		{
			"from": [1.7, 7, -3.2],
			"to": [4.7, 11, -3.2],
			"rotation": {"angle": 45, "axis": "y", "origin": [4.6, 1, -9.35]},
			"faces": {
				"north": {"uv": [12, 11, 16, 16], "texture": "#1"},
				"east": {"uv": [16, 0, 16, 3], "texture": "#1"},
				"south": {"uv": [12, 11, 16, 16], "texture": "#2"},
				"west": {"uv": [16, 0, 16, 3], "texture": "#1"},
				"up": {"uv": [14, 0, 16, 0], "texture": "#1"},
				"down": {"uv": [14, 0, 16, 0], "texture": "#1"}
			}
		},
		{
			"from": [-5, 0, 7],
			"to": [-3, 7, 9],
			"rotation": {"angle": 0, "axis": "y", "origin": [-8, 0, 3]},
			"faces": {
				"north": {"uv": [2, 0, 4, 7], "texture": "#2"},
				"east": {"uv": [0, 0, 2, 7], "texture": "#2"},
				"south": {"uv": [2, 0, 4, 7], "texture": "#2"},
				"west": {"uv": [0, 0, 2, 7], "texture": "#2"},
				"up": {"uv": [0, 7, 2, 9], "texture": "#2"},
				"down": {"uv": [14, 0, 16, 2], "texture": "#1"}
			}
		},
		{
			"from": [-5.2, 1.2, 6.8],
			"to": [-2.8, 7.2, 9.2],
			"rotation": {"angle": 0, "axis": "y", "origin": [-8, 0, 3]},
			"faces": {
				"north": {"uv": [8, 0, 10, 5], "texture": "#2"},
				"east": {"uv": [10, 0, 12, 5], "texture": "#2"},
				"south": {"uv": [8, 0, 10, 5], "texture": "#2"},
				"west": {"uv": [10, 0, 12, 5], "texture": "#2"},
				"up": {"uv": [0, 7, 2, 9], "texture": "#2"},
				"down": {"uv": [14, 0, 16, 2], "texture": "#1"}
			}
		},
		{
			"from": [-2.75, 7, 4.05],
			"to": [0.25, 11, 4.05],
			"rotation": {"angle": -45, "axis": "y", "origin": [-7.4, 1, 2.65]},
			"faces": {
				"north": {"uv": [12, 11, 16, 16], "texture": "#1"},
				"east": {"uv": [16, 0, 16, 3], "texture": "#1"},
				"south": {"uv": [12, 11, 16, 16], "texture": "#2"},
				"west": {"uv": [16, 0, 16, 3], "texture": "#1"},
				"up": {"uv": [14, 0, 16, 0], "texture": "#1"},
				"down": {"uv": [14, 0, 16, 0], "texture": "#1"}
			}
		},
		{
			"from": [-10.3, 7, 8.8],
			"to": [-7.3, 11, 8.8],
			"rotation": {"angle": 45, "axis": "y", "origin": [-7.4, 1, 2.65]},
			"faces": {
				"north": {"uv": [12, 11, 16, 16], "texture": "#2"},
				"east": {"uv": [16, 0, 16, 3], "texture": "#1"},
				"south": {"uv": [12, 11, 16, 16], "texture": "#2"},
				"west": {"uv": [16, 0, 16, 3], "texture": "#1"},
				"up": {"uv": [14, 0, 16, 0], "texture": "#1"},
				"down": {"uv": [14, 0, 16, 0], "texture": "#1"}
			}
		},
		{
			"from": [19, 0, 7],
			"to": [21, 7, 9],
			"rotation": {"angle": 0, "axis": "y", "origin": [16, 0, 3]},
			"faces": {
				"north": {"uv": [2, 0, 4, 7], "texture": "#2"},
				"east": {"uv": [0, 0, 2, 7], "texture": "#2"},
				"south": {"uv": [2, 0, 4, 7], "texture": "#2"},
				"west": {"uv": [0, 0, 2, 7], "texture": "#2"},
				"up": {"uv": [0, 7, 2, 9], "texture": "#2"},
				"down": {"uv": [14, 0, 16, 2], "texture": "#1"}
			}
		},
		{
			"from": [18.8, 1.2, 6.8],
			"to": [21.2, 7.2, 9.2],
			"rotation": {"angle": 0, "axis": "y", "origin": [16, 0, 3]},
			"faces": {
				"north": {"uv": [8, 0, 10, 5], "texture": "#2"},
				"east": {"uv": [10, 0, 12, 5], "texture": "#2"},
				"south": {"uv": [8, 0, 10, 5], "texture": "#2"},
				"west": {"uv": [10, 0, 12, 5], "texture": "#2"},
				"up": {"uv": [0, 7, 2, 9], "texture": "#2"},
				"down": {"uv": [14, 0, 16, 2], "texture": "#1"}
			}
		},
		{
			"from": [21.25, 7, 4.05],
			"to": [24.25, 11, 4.05],
			"rotation": {"angle": -45, "axis": "y", "origin": [16.6, 1, 2.65]},
			"faces": {
				"north": {"uv": [12, 11, 16, 16], "texture": "#1"},
				"east": {"uv": [16, 0, 16, 3], "texture": "#1"},
				"south": {"uv": [12, 11, 16, 16], "texture": "#2"},
				"west": {"uv": [16, 0, 16, 3], "texture": "#1"},
				"up": {"uv": [14, 0, 16, 0], "texture": "#1"},
				"down": {"uv": [14, 0, 16, 0], "texture": "#1"}
			}
		},
		{
			"from": [13.7, 7, 8.8],
			"to": [16.7, 11, 8.8],
			"rotation": {"angle": 45, "axis": "y", "origin": [16.6, 1, 2.65]},
			"faces": {
				"north": {"uv": [12, 11, 16, 16], "texture": "#2"},
				"east": {"uv": [16, 0, 16, 3], "texture": "#1"},
				"south": {"uv": [12, 11, 16, 16], "texture": "#2"},
				"west": {"uv": [16, 0, 16, 3], "texture": "#1"},
				"up": {"uv": [14, 0, 16, 0], "texture": "#1"},
				"down": {"uv": [14, 0, 16, 0], "texture": "#1"}
			}
		},
		{
			"from": [7.5, -5, 7.5],
			"to": [8.5, 17, 8.5],
			"faces": {
				"north": {"uv": [15.5, 0, 16, 11], "texture": "#3"},
				"east": {"uv": [15.5, 0, 16, 11], "texture": "#3"},
				"south": {"uv": [15.5, 0, 16, 11], "texture": "#3"},
				"west": {"uv": [15.5, 0, 16, 11], "texture": "#3"},
				"up": {"uv": [0.5, 1.5, 1, 2], "texture": "#3"},
				"down": {"uv": [0.5, 1.5, 1, 2], "texture": "#3"}
			}
		},
		{
			"from": [8, -4, -5.5],
			"to": [8, 3, 7.5],
			"faces": {
				"north": {"uv": [0, 0, 0, 7], "texture": "#missing"},
				"east": {"uv": [6.5, 0, 13, 3.5], "texture": "#3"},
				"south": {"uv": [0, 0, 0, 7], "texture": "#missing"},
				"west": {"uv": [0, 0, 6.5, 3.5], "texture": "#3"},
				"up": {"uv": [0, 0, 0, 13], "texture": "#missing"},
				"down": {"uv": [0, 0, 0, 13], "texture": "#missing"}
			}
		},
		{
			"from": [8, -4, 8.5],
			"to": [8, 3, 21.5],
			"faces": {
				"north": {"uv": [0, 0, 0, 7], "texture": "#missing"},
				"east": {"uv": [0, 0, 6.5, 3.5], "texture": "#3"},
				"south": {"uv": [0, 0, 0, 7], "texture": "#missing"},
				"west": {"uv": [6.5, 0, 13, 3.5], "texture": "#3"},
				"up": {"uv": [0, 0, 0, 13], "texture": "#missing"},
				"down": {"uv": [0, 0, 0, 13], "texture": "#missing"}
			}
		},
		{
			"from": [8.5, -4, 8],
			"to": [21.5, 3, 8],
			"faces": {
				"north": {"uv": [0, 0, 6.5, 3.5], "texture": "#3"},
				"east": {"uv": [0, 0, 0, 7], "texture": "#missing"},
				"south": {"uv": [6.5, 0, 13, 3.5], "texture": "#3"},
				"west": {"uv": [0, 0, 0, 7], "texture": "#missing"},
				"up": {"uv": [0, 0, 13, 0], "texture": "#missing"},
				"down": {"uv": [0, 0, 13, 0], "texture": "#missing"}
			}
		},
		{
			"from": [-5.5, -4, 8],
			"to": [7.5, 3, 8],
			"faces": {
				"north": {"uv": [6.5, 0, 13, 3.5], "texture": "#3"},
				"east": {"uv": [0, 0, 0, 7], "texture": "#missing"},
				"south": {"uv": [0, 0, 6.5, 3.5], "texture": "#3"},
				"west": {"uv": [0, 0, 0, 7], "texture": "#missing"},
				"up": {"uv": [0, 0, 13, 0], "texture": "#missing"},
				"down": {"uv": [0, 0, 13, 0], "texture": "#missing"}
			}
		},
		{
			"from": [6, -1, -6],
			"to": [10, 0, -2],
			"faces": {
				"north": {"uv": [0, 15.5, 2, 16], "texture": "#3"},
				"east": {"uv": [0, 15.5, 2, 16], "texture": "#3"},
				"south": {"uv": [0, 15.5, 2, 16], "texture": "#3"},
				"west": {"uv": [0, 15.5, 2, 16], "texture": "#3"},
				"up": {"uv": [0, 14, 2, 16], "texture": "#3"},
				"down": {"uv": [0, 14, 2, 16], "texture": "#3"}
			}
		},
		{
			"from": [6, -1, 18],
			"to": [10, 0, 22],
			"faces": {
				"north": {"uv": [0, 15.5, 2, 16], "texture": "#3"},
				"east": {"uv": [0, 15.5, 2, 16], "texture": "#3"},
				"south": {"uv": [0, 15.5, 2, 16], "texture": "#3"},
				"west": {"uv": [0, 15.5, 2, 16], "texture": "#3"},
				"up": {"uv": [0, 14, 2, 16], "texture": "#3"},
				"down": {"uv": [0, 14, 2, 16], "texture": "#3"}
			}
		},
		{
			"from": [18, -1, 6],
			"to": [22, 0, 10],
			"faces": {
				"north": {"uv": [0, 15.5, 2, 16], "texture": "#3"},
				"east": {"uv": [0, 15.5, 2, 16], "texture": "#3"},
				"south": {"uv": [0, 15.5, 2, 16], "texture": "#3"},
				"west": {"uv": [0, 15.5, 2, 16], "texture": "#3"},
				"up": {"uv": [0, 14, 2, 16], "texture": "#3"},
				"down": {"uv": [0, 14, 2, 16], "texture": "#3"}
			}
		},
		{
			"from": [-6, -1, 6],
			"to": [-2, 0, 10],
			"faces": {
				"north": {"uv": [0, 15.5, 2, 16], "texture": "#3"},
				"east": {"uv": [0, 15.5, 2, 16], "texture": "#3"},
				"south": {"uv": [0, 15.5, 2, 16], "texture": "#3"},
				"west": {"uv": [0, 15.5, 2, 16], "texture": "#3"},
				"up": {"uv": [0, 14, 2, 16], "texture": "#3"},
				"down": {"uv": [0, 14, 2, 16], "texture": "#3"}
			}
		},
		{
			"from": [5.5, 18, 5.5],
			"to": [10.5, 19, 10.5],
			"faces": {
				"north": {"uv": [0, 10, 2.5, 10.5], "texture": "#3"},
				"east": {"uv": [0, 10, 2.5, 10.5], "texture": "#3"},
				"south": {"uv": [0, 10, 2.5, 10.5], "texture": "#3"},
				"west": {"uv": [0, 10, 2.5, 10.5], "texture": "#3"},
				"up": {"uv": [0, 10, 2.5, 12.5], "texture": "#3"},
				"down": {"uv": [0, 10, 2.5, 12.5], "texture": "#3"}
			}
		},
		{
			"from": [6.5, 17, 6.5],
			"to": [9.5, 18, 9.5],
			"faces": {
				"north": {"uv": [0, 13, 1.5, 12.5], "texture": "#3"},
				"east": {"uv": [0, 12.5, 1.5, 13], "texture": "#3"},
				"south": {"uv": [0, 12.5, 1.5, 13], "texture": "#3"},
				"west": {"uv": [0, 12.5, 1.5, 13], "texture": "#3"},
				"up": {"uv": [0, 12.5, 1.5, 14], "texture": "#3"},
				"down": {"uv": [0, 12.5, 1.5, 14], "texture": "#3"}
			}
		},
		{
			"from": [5.5, -2, 5.5],
			"to": [10.5, 1, 10.5],
			"faces": {
				"north": {"uv": [0, 10.5, 2.5, 12], "texture": "#3"},
				"east": {"uv": [0, 10.5, 2.5, 12], "texture": "#3"},
				"south": {"uv": [0, 10.5, 2.5, 12], "texture": "#3"},
				"west": {"uv": [0, 10.5, 2.5, 12], "texture": "#3"},
				"up": {"uv": [0, 10, 2.5, 12.5], "texture": "#3"},
				"down": {"uv": [0, 10, 2.5, 12.5], "texture": "#3"}
			}
		},
		{
			"from": [6.5, -3, 6.5],
			"to": [9.5, -2, 9.5],
			"faces": {
				"north": {"uv": [0, 13, 1.5, 12.5], "texture": "#3"},
				"east": {"uv": [0, 12.5, 1.5, 13], "texture": "#3"},
				"south": {"uv": [0, 12.5, 1.5, 13], "texture": "#3"},
				"west": {"uv": [0, 12.5, 1.5, 13], "texture": "#3"},
				"up": {"uv": [0, 12.5, 1.5, 14], "texture": "#3"},
				"down": {"uv": [0, 12.5, 1.5, 14], "texture": "#3"}
			}
		},
		{
			"from": [6.5, 1, 6.5],
			"to": [9.5, 2, 9.5],
			"faces": {
				"north": {"uv": [0, 13, 1.5, 12.5], "texture": "#3"},
				"east": {"uv": [0, 12.5, 1.5, 13], "texture": "#3"},
				"south": {"uv": [0, 12.5, 1.5, 13], "texture": "#3"},
				"west": {"uv": [0, 12.5, 1.5, 13], "texture": "#3"},
				"up": {"uv": [0, 12.5, 1.5, 14], "texture": "#3"},
				"down": {"uv": [0, 12.5, 1.5, 14], "texture": "#3"}
			}
		},
		{
			"from": [7, 4, 7],
			"to": [9, 8, 9],
			"faces": {
				"north": {"uv": [0.5, 16, 1.5, 14], "texture": "#3"},
				"east": {"uv": [0.5, 14, 1.5, 16], "texture": "#3"},
				"south": {"uv": [0.5, 14, 1.5, 16], "texture": "#3"},
				"west": {"uv": [0.5, 14, 1.5, 16], "texture": "#3"},
				"up": {"uv": [0, 11.5, 1, 12.5], "texture": "#3"},
				"down": {"uv": [0, 11.5, 1, 12.5], "texture": "#3"}
			}
		},
		{
			"from": [7, 10, 7],
			"to": [9, 14, 9],
			"faces": {
				"north": {"uv": [0.5, 16, 1.5, 14], "texture": "#3"},
				"east": {"uv": [0.5, 14, 1.5, 16], "texture": "#3"},
				"south": {"uv": [0.5, 14, 1.5, 16], "texture": "#3"},
				"west": {"uv": [0.5, 14, 1.5, 16], "texture": "#3"},
				"up": {"uv": [0, 11.5, 1, 12.5], "texture": "#3"},
				"down": {"uv": [0, 11.5, 1, 12.5], "texture": "#3"}
			}
		},
		{
			"from": [7, 2, 7],
			"to": [9, 3, 9],
			"faces": {
				"north": {"uv": [0, 12.5, 1, 12], "texture": "#3"},
				"east": {"uv": [0, 12.5, 1, 13], "texture": "#3"},
				"south": {"uv": [0, 12.5, 1, 13], "texture": "#3"},
				"west": {"uv": [0, 12.5, 1, 13], "texture": "#3"},
				"up": {"uv": [0, 12.5, 1, 13.5], "texture": "#3"},
				"down": {"uv": [0, 12.5, 1, 13.5], "texture": "#3"}
			}
		},
		{
			"from": [9.25, 5, 7],
			"to": [9.25, 7, 9],
			"faces": {
				"north": {"uv": [0, 12.5, 1, 12], "texture": "#3"},
				"east": {"uv": [0.5, 11, 1.5, 12], "texture": "#3"},
				"south": {"uv": [0, 12.5, 1, 13], "texture": "#3"},
				"west": {"uv": [0, 12.5, 1, 13], "texture": "#3"},
				"up": {"uv": [0, 12.5, 1, 13.5], "texture": "#3"},
				"down": {"uv": [0, 12.5, 1, 13.5], "texture": "#3"}
			}
		},
		{
			"from": [6.75, 5, 7],
			"to": [6.75, 7, 9],
			"faces": {
				"north": {"uv": [0, 12.5, 1, 12], "texture": "#3"},
				"east": {"uv": [0.5, 11, 1.5, 12], "texture": "#3"},
				"south": {"uv": [0.5, 11, 1.5, 11.5], "texture": "#3"},
				"west": {"uv": [0.5, 11, 1.5, 12], "texture": "#3"},
				"up": {"uv": [0.5, 11, 1.5, 12], "texture": "#3"},
				"down": {"uv": [0.5, 11, 1.5, 12], "texture": "#3"}
			}
		},
		{
			"from": [7, 5, 6.75],
			"to": [9, 7, 6.75],
			"faces": {
				"north": {"uv": [1.5, 11, 0.5, 12], "rotation": 90, "texture": "#3"},
				"east": {"uv": [0, 12.5, 1, 13.5], "texture": "#3"},
				"south": {"uv": [0.5, 11, 1.5, 12], "texture": "#3"},
				"west": {"uv": [0.5, 11, 1.5, 11.5], "texture": "#3"},
				"up": {"uv": [0.5, 11, 1.5, 12], "texture": "#3"},
				"down": {"uv": [0.5, 11, 1.5, 12], "texture": "#3"}
			}
		},
		{
			"from": [7, 5, 9.25],
			"to": [9, 7, 9.25],
			"faces": {
				"north": {"uv": [0, 13, 1, 12], "texture": "#3"},
				"east": {"uv": [0, 12.5, 1, 13.5], "texture": "#3"},
				"south": {"uv": [0.5, 11, 1.5, 12], "texture": "#3"},
				"west": {"uv": [0, 12.5, 1, 13], "texture": "#3"},
				"up": {"uv": [0, 12.5, 1, 13.5], "texture": "#3"},
				"down": {"uv": [0, 12.5, 1, 13.5], "texture": "#3"}
			}
		},
		{
			"from": [7, -4, 7],
			"to": [9, -3, 9],
			"faces": {
				"north": {"uv": [0, 12.5, 1, 12], "texture": "#3"},
				"east": {"uv": [0, 12.5, 1, 13], "texture": "#3"},
				"south": {"uv": [0, 12.5, 1, 13], "texture": "#3"},
				"west": {"uv": [0, 12.5, 1, 13], "texture": "#3"},
				"up": {"uv": [0, 12.5, 1, 13.5], "texture": "#3"},
				"down": {"uv": [0, 12.5, 1, 13.5], "texture": "#3"}
			}
		},
		{
			"from": [7, 16, 7],
			"to": [9, 17, 9],
			"faces": {
				"north": {"uv": [0, 12.5, 1, 12], "texture": "#3"},
				"east": {"uv": [0, 12.5, 1, 13], "texture": "#3"},
				"south": {"uv": [0, 12.5, 1, 13], "texture": "#3"},
				"west": {"uv": [0, 12.5, 1, 13], "texture": "#3"},
				"up": {"uv": [0, 12.5, 1, 13.5], "texture": "#3"},
				"down": {"uv": [0, 12.5, 1, 13.5], "texture": "#3"}
			}
		}
	],
	"display": {
		"thirdperson_righthand": {
			"translation": [0, 5, 0],
			"scale": [0.4, 0.4, 0.4]
		},
		"thirdperson_lefthand": {
			"translation": [0, 5, 0],
			"scale": [0.4, 0.4, 0.4]
		},
		"firstperson_righthand": {
			"translation": [0, 4.5, 0],
			"scale": [0.4, 0.4, 0.4]
		},
		"firstperson_lefthand": {
			"translation": [0, 4.5, 0],
			"scale": [0.4, 0.4, 0.4]
		},
		"ground": {
			"translation": [0, 3, 0],
			"scale": [0.2, 0.2, 0.2]
		},
		"gui": {
			"rotation": [30, -45, 0],
			"translation": [0.25, 0.75, 0],
			"scale": [0.55, 0.55, 0.55]
		},
		"head": {
			"scale": [0, 0, 0]
		},
		"fixed": {
			"rotation": [90, 0, 0],
			"translation": [0, 0, -22],
			"scale": [2, 2, 2]
		}
	}
}