{
	"format_version": "1.21.6",
	"credit": "Made with Blockbench",
	"texture_size": [32, 32],
	"textures": {
		"1": "item/decorations/iron_decoration",
		"2": "item/furniture/craftable/bar_table_mini",
		"particle": "item/furniture/craftable/bar_table_mini"
	},
	"elements": [
		{
			"from": [3, 0, 3],
			"to": [13, 1, 13],
			"faces": {
				"north": {"uv": [8, 0, 13, 0.5], "texture": "#1"},
				"east": {"uv": [8, 0, 13, 0.5], "texture": "#1"},
				"south": {"uv": [8, 0, 13, 0.5], "texture": "#1"},
				"west": {"uv": [8, 0, 13, 0.5], "texture": "#1"},
				"up": {"uv": [8, 0, 13, 5], "texture": "#1"},
				"down": {"uv": [8, 0, 13, 5], "texture": "#1"}
			}
		},
		{
			"from": [7, 1, 7],
			"to": [9, 14, 9],
			"faces": {
				"north": {"uv": [7, 1.5, 8, 8], "texture": "#1"},
				"east": {"uv": [0, 1.5, 1, 8], "texture": "#1"},
				"south": {"uv": [7, 1.5, 8, 8], "texture": "#1"},
				"west": {"uv": [0, 1.5, 1, 8], "texture": "#1"},
				"up": {"uv": [0, 0, 1, 1], "texture": "#missing"},
				"down": {"uv": [0, 0, 1, 1], "texture": "#missing"}
			}
		},
		{
			"from": [0, 14, 0],
			"to": [16, 16, 16],
			"faces": {
				"north": {"uv": [0, 8, 8, 9], "texture": "#1"},
				"east": {"uv": [0, 8, 8, 9], "texture": "#1"},
				"south": {"uv": [0, 8, 8, 9], "texture": "#1"},
				"west": {"uv": [0, 8, 8, 9], "texture": "#1"},
				"up": {"uv": [0, 0, 16, 16], "texture": "#2"},
				"down": {"uv": [0, 0, 8, 8], "texture": "#1"}
			}
		}
	],
	"display": {
		"thirdperson_righthand": {
			"scale": [0.4, 0.4, 0.4]
		},
		"thirdperson_lefthand": {
			"scale": [0.4, 0.4, 0.4]
		},
		"firstperson_righthand": {
			"scale": [0.4, 0.4, 0.4]
		},
		"firstperson_lefthand": {
			"scale": [0.4, 0.4, 0.4]
		},
		"ground": {
			"scale": [0.25, 0.25, 0.25]
		},
		"gui": {
			"rotation": [30, -45, 0],
			"translation": [0, -0.75, 0],
			"scale": [0.5, 0.5, 0.5]
		},
		"head": {
			"scale": [0, 0, 0]
		},
		"fixed": {
			"rotation": [-90, 0, 0],
			"translation": [0, 0, -16],
			"scale": [2, 2, 2]
		}
	}
}