{
	"credit": "Made with Blockbench",
	"textures": {
		"1": "item/furniture/craftable/stool_gray",
		"2": "item/decorations/iron_decoration"
	},
	"elements": [
		{
			"from": [4, 0, 4],
			"to": [12, 1, 12],
			"faces": {
				"north": {"uv": [8.5, 4.5, 12.5, 5], "texture": "#2"},
				"east": {"uv": [8.5, 4.5, 12.5, 5], "texture": "#2"},
				"south": {"uv": [8.5, 4.5, 12.5, 5], "texture": "#2"},
				"west": {"uv": [8.5, 4.5, 12.5, 5], "texture": "#2"},
				"up": {"uv": [8.5, 0.5, 12.5, 4.5], "texture": "#2"},
				"down": {"uv": [8.5, 0.5, 12.5, 4.5], "texture": "#2"}
			}
		},
		{
			"from": [7, 1, 7],
			"to": [9, 12, 9],
			"faces": {
				"north": {"uv": [0, 2.5, 1, 8], "texture": "#2"},
				"east": {"uv": [7, 2.5, 8, 8], "texture": "#2"},
				"south": {"uv": [0, 2.5, 1, 8], "texture": "#2"},
				"west": {"uv": [7, 2.5, 8, 8], "texture": "#2"},
				"up": {"uv": [0, 0, 2, 2], "texture": "#2"},
				"down": {"uv": [0, 0, 2, 2], "texture": "#2"}
			}
		},
		{
			"from": [3, 12, 3],
			"to": [13, 14, 13],
			"faces": {
				"north": {"uv": [8, 4, 13, 5], "texture": "#2"},
				"east": {"uv": [8, 4, 13, 5], "texture": "#2"},
				"south": {"uv": [8, 4, 13, 5], "texture": "#2"},
				"west": {"uv": [8, 4, 13, 5], "texture": "#2"},
				"up": {"uv": [8, 0, 13, 5], "texture": "#2"},
				"down": {"uv": [8, 0, 13, 5], "texture": "#2"}
			}
		},
		{
			"from": [3, 14, 3],
			"to": [13, 16, 13],
			"faces": {
				"north": {"uv": [1, 10, 11, 12], "texture": "#1"},
				"east": {"uv": [1, 10, 11, 12], "texture": "#1"},
				"south": {"uv": [1, 10, 11, 12], "texture": "#1"},
				"west": {"uv": [1, 10, 11, 12], "texture": "#1"},
				"up": {"uv": [1, 1, 11, 11], "texture": "#1"},
				"down": {"uv": [0, 0, 12, 12], "texture": "#1"}
			}
		}
	],
	"display": {
		"thirdperson_righthand": {
			"translation": [0, 0, 0.75],
			"scale": [0.32, 0.32, 0.32]
		},
		"thirdperson_lefthand": {
			"translation": [0, 0, 1],
			"scale": [0.32, 0.32, 0.32]
		},
		"firstperson_righthand": {
			"scale": [0.49, 0.49, 0.49]
		},
		"firstperson_lefthand": {
			"scale": [0.49, 0.49, 0.49]
		},
		"ground": {
			"translation": [0, 3, 0],
			"scale": [0.3, 0.3, 0.3]
		},
		"gui": {
			"rotation": [30, -45, 0],
			"translation": [0, -0.5, 0],
			"scale": [0.6, 0.6, 0.6]
		},
		"head": {
			"scale": [0, 0, 0]
		},
		"fixed": {
			"rotation": [-90, 0, 0],
			"translation": [0, 0, -16],
			"scale": [2, 2, 2]
		}
	}
}