{
	"format_version": "1.21.6",
	"credit": "Made with Blockbench",
	"texture_size": [32, 16],
	"textures": {
		"0": "item/furniture/craftable/oak_table2x1",
		"particle": "item/furniture/craftable/oak_table2x1"
	},
	"elements": [
		{
			"from": [-14, 10, 3],
			"to": [-14, 12, 13],
			"rotation": {"angle": 0, "axis": "y", "origin": [-14, 0, 9]},
			"faces": {
				"north": {"uv": [5.5, 3, 10.5, 5], "texture": "#0"},
				"east": {"uv": [5.5, 3, 10.5, 5], "texture": "#0"},
				"south": {"uv": [5.5, 3, 10.5, 5], "texture": "#0"},
				"west": {"uv": [5.5, 3, 10.5, 5], "texture": "#0"},
				"up": {"uv": [5.5, 3, 10.5, 5], "texture": "#0"},
				"down": {"uv": [5.5, 3, 10.5, 5], "texture": "#0"}
			}
		},
		{
			"from": [14, 10, 3],
			"to": [14, 12, 13],
			"rotation": {"angle": 0, "axis": "y", "origin": [14, 0, 9]},
			"faces": {
				"north": {"uv": [5.5, 10, 10.5, 12], "texture": "#0"},
				"east": {"uv": [5.5, 10, 10.5, 12], "texture": "#0"},
				"south": {"uv": [5.5, 10, 10.5, 12], "texture": "#0"},
				"west": {"uv": [5.5, 10, 10.5, 12], "texture": "#0"},
				"up": {"uv": [5.5, 10, 10.5, 12], "texture": "#0"},
				"down": {"uv": [5.5, 10, 10.5, 12], "texture": "#0"}
			}
		},
		{
			"from": [-13, 10, 2],
			"to": [13, 12, 2],
			"rotation": {"angle": 0, "axis": "y", "origin": [7, 0, 2]},
			"faces": {
				"north": {"uv": [1.5, 3, 14.5, 5], "texture": "#0"},
				"east": {"uv": [1.5, 3, 14.5, 5], "texture": "#0"},
				"south": {"uv": [1.5, 3, 14.5, 5], "texture": "#0"},
				"west": {"uv": [1.5, 3, 14.5, 5], "texture": "#0"},
				"up": {"uv": [0, 14, 2, 16], "rotation": 90, "texture": "#0"},
				"down": {"uv": [0, 14, 2, 16], "rotation": 270, "texture": "#0"}
			}
		},
		{
			"from": [-13, 10, 14],
			"to": [13, 12, 14],
			"rotation": {"angle": 0, "axis": "y", "origin": [7, 0, 14]},
			"faces": {
				"north": {"uv": [1.5, 3, 14.5, 5], "texture": "#0"},
				"east": {"uv": [1.5, 3, 14.5, 5], "texture": "#0"},
				"south": {"uv": [1.5, 3, 14.5, 5], "texture": "#0"},
				"west": {"uv": [1.5, 3, 14.5, 5], "texture": "#0"},
				"up": {"uv": [1.5, 3, 14.5, 5], "rotation": 90, "texture": "#0"},
				"down": {"uv": [1.5, 3, 14.5, 5], "rotation": 270, "texture": "#0"}
			}
		},
		{
			"from": [-15, 0, 13],
			"to": [-13, 14, 15],
			"rotation": {"angle": 0, "axis": "y", "origin": [-15, 0, 13]},
			"faces": {
				"north": {"uv": [5, 1, 6, 15], "texture": "#0"},
				"east": {"uv": [5, 1, 6, 15], "texture": "#0"},
				"south": {"uv": [5, 1, 6, 15], "texture": "#0"},
				"west": {"uv": [5, 1, 6, 15], "texture": "#0"},
				"up": {"uv": [0, 14, 2, 16], "texture": "#0"},
				"down": {"uv": [0, 14, 1, 16], "texture": "#0"}
			}
		},
		{
			"from": [-15, 0, 1],
			"to": [-13, 14, 3],
			"rotation": {"angle": 0, "axis": "y", "origin": [-15, 0, 1]},
			"faces": {
				"north": {"uv": [5, 1, 6, 15], "texture": "#0"},
				"east": {"uv": [5, 1, 6, 15], "texture": "#0"},
				"south": {"uv": [5, 1, 6, 15], "texture": "#0"},
				"west": {"uv": [5, 1, 6, 15], "texture": "#0"},
				"up": {"uv": [0, 14, 2, 16], "texture": "#0"},
				"down": {"uv": [0, 14, 1, 16], "texture": "#0"}
			}
		},
		{
			"from": [13, 0, 1],
			"to": [15, 14, 3],
			"rotation": {"angle": 0, "axis": "y", "origin": [13, 0, 1]},
			"faces": {
				"north": {"uv": [5, 1, 6, 15], "texture": "#0"},
				"east": {"uv": [5, 1, 6, 15], "texture": "#0"},
				"south": {"uv": [5, 1, 6, 15], "texture": "#0"},
				"west": {"uv": [5, 1, 6, 15], "texture": "#0"},
				"up": {"uv": [0, 14, 2, 16], "texture": "#0"},
				"down": {"uv": [0, 14, 1, 16], "texture": "#0"}
			}
		},
		{
			"from": [13, 0, 13],
			"to": [15, 14, 15],
			"rotation": {"angle": 0, "axis": "y", "origin": [13, 0, 13]},
			"faces": {
				"north": {"uv": [5, 1, 6, 15], "texture": "#0"},
				"east": {"uv": [5, 1, 6, 15], "texture": "#0"},
				"south": {"uv": [5, 1, 6, 15], "texture": "#0"},
				"west": {"uv": [5, 1, 6, 15], "texture": "#0"},
				"up": {"uv": [0, 14, 2, 16], "texture": "#0"},
				"down": {"uv": [0, 14, 1, 16], "texture": "#0"}
			}
		},
		{
			"from": [-16, 14, 0],
			"to": [16, 16, 16],
			"rotation": {"angle": 0, "axis": "y", "origin": [11, 14, 3]},
			"faces": {
				"north": {"uv": [0, 0, 16, 2], "texture": "#0"},
				"east": {"uv": [4, 0, 12, 2], "texture": "#0"},
				"south": {"uv": [0, 0, 16, 2], "texture": "#0"},
				"west": {"uv": [4, 0, 12, 2], "texture": "#0"},
				"up": {"uv": [0, 0, 16, 16], "texture": "#0"},
				"down": {"uv": [0, 0, 16, 16], "texture": "#0"}
			}
		}
	],
	"display": {
		"thirdperson_righthand": {
			"rotation": [0, 45, 0],
			"translation": [2, 0, -0.75],
			"scale": [0.3, 0.3, 0.3]
		},
		"thirdperson_lefthand": {
			"rotation": [0, 45, 0],
			"translation": [-1.5, 0, 2.25],
			"scale": [0.3, 0.3, 0.3]
		},
		"firstperson_righthand": {
			"translation": [1.5, 1.25, 0],
			"scale": [0.3, 0.3, 0.3]
		},
		"firstperson_lefthand": {
			"translation": [-3.25, 1.75, 0],
			"scale": [0.3, 0.3, 0.3]
		},
		"ground": {
			"translation": [3, 2, 0],
			"scale": [0.3, 0.3, 0.3]
		},
		"gui": {
			"rotation": [25, 135, 0],
			"translation": [-2.25, 0.5, 0],
			"scale": [0.4, 0.4, 0.4]
		},
		"head": {
			"translation": [8, 0, 0]
		},
		"fixed": {
			"rotation": [-90, 0, 0],
			"translation": [0, 0, -16],
			"scale": [2, 2, 2]
		}
	}
}