{
	"format_version": "1.21.6",
	"credit": "Made with Blockbench",
	"textures": {
		"0": "item/furniture/craftable/oak_chair",
		"particle": "item/furniture/craftable/oak_chair"
	},
	"elements": [
		{
			"from": [3, 0, 3],
			"to": [5, 8, 5],
			"rotation": {"angle": 0, "axis": "y", "origin": [3, 0, 3]},
			"faces": {
				"north": {"uv": [0, 8, 2, 16], "texture": "#0"},
				"east": {"uv": [0, 8, 2, 16], "texture": "#0"},
				"south": {"uv": [0, 8, 2, 16], "texture": "#0"},
				"west": {"uv": [0, 8, 2, 16], "texture": "#0"},
				"up": {"uv": [0, 14, 2, 16], "texture": "#0"},
				"down": {"uv": [0, 14, 2, 16], "texture": "#0"}
			}
		},
		{
			"from": [3, 0, 11],
			"to": [5, 8, 13],
			"rotation": {"angle": 0, "axis": "y", "origin": [3, 0, 11]},
			"faces": {
				"north": {"uv": [0, 8, 2, 16], "texture": "#0"},
				"east": {"uv": [0, 8, 2, 16], "texture": "#0"},
				"south": {"uv": [0, 8, 2, 16], "texture": "#0"},
				"west": {"uv": [0, 8, 2, 16], "texture": "#0"},
				"up": {"uv": [0, 14, 2, 16], "texture": "#0"},
				"down": {"uv": [0, 14, 2, 16], "texture": "#0"}
			}
		},
		{
			"from": [11, 0, 11],
			"to": [13, 8, 13],
			"rotation": {"angle": 0, "axis": "y", "origin": [11, 0, 11]},
			"faces": {
				"north": {"uv": [0, 8, 2, 16], "texture": "#0"},
				"east": {"uv": [0, 8, 2, 16], "texture": "#0"},
				"south": {"uv": [0, 8, 2, 16], "texture": "#0"},
				"west": {"uv": [0, 8, 2, 16], "texture": "#0"},
				"up": {"uv": [0, 14, 2, 16], "texture": "#0"},
				"down": {"uv": [0, 14, 2, 16], "texture": "#0"}
			}
		},
		{
			"from": [11, 10, 11],
			"to": [13, 21, 13],
			"rotation": {"angle": 0, "axis": "y", "origin": [11, 10, 11]},
			"faces": {
				"north": {"uv": [2, 5, 4, 16], "texture": "#0"},
				"east": {"uv": [2, 5, 4, 16], "texture": "#0"},
				"south": {"uv": [2, 5, 4, 16], "texture": "#0"},
				"west": {"uv": [2, 5, 4, 16], "texture": "#0"},
				"up": {"uv": [7, 4, 9, 6], "texture": "#0"},
				"down": {"uv": [7, 4, 9, 6], "texture": "#0"}
			}
		},
		{
			"from": [5, 17, 12],
			"to": [11, 19, 12],
			"rotation": {"angle": 0, "axis": "y", "origin": [9, 7, 12]},
			"faces": {
				"north": {"uv": [8, 4, 14, 6], "texture": "#0"},
				"east": {"uv": [0, 0, 0, 2], "texture": "#0"},
				"south": {"uv": [8, 4, 14, 6], "texture": "#0"},
				"west": {"uv": [0, 0, 0, 2], "texture": "#0"},
				"up": {"uv": [0, 0, 6, 0], "texture": "#0"},
				"down": {"uv": [0, 0, 6, 0], "texture": "#0"}
			}
		},
		{
			"from": [5, 13, 12],
			"to": [11, 15, 12],
			"rotation": {"angle": 0, "axis": "y", "origin": [9, 3, 12]},
			"faces": {
				"north": {"uv": [8, 4, 14, 6], "texture": "#0"},
				"east": {"uv": [0, 0, 0, 2], "texture": "#0"},
				"south": {"uv": [8, 4, 14, 6], "texture": "#0"},
				"west": {"uv": [0, 0, 0, 2], "texture": "#0"},
				"up": {"uv": [0, 0, 6, 0], "texture": "#0"},
				"down": {"uv": [0, 0, 6, 0], "texture": "#0"}
			}
		},
		{
			"from": [3, 10, 11],
			"to": [5, 21, 13],
			"rotation": {"angle": 0, "axis": "y", "origin": [3, 10, 11]},
			"faces": {
				"north": {"uv": [2, 5, 4, 16], "texture": "#0"},
				"east": {"uv": [2, 5, 4, 16], "texture": "#0"},
				"south": {"uv": [2, 5, 4, 16], "texture": "#0"},
				"west": {"uv": [2, 5, 4, 16], "texture": "#0"},
				"up": {"uv": [7, 4, 9, 6], "texture": "#0"},
				"down": {"uv": [7, 4, 9, 6], "texture": "#0"}
			}
		},
		{
			"from": [11, 0, 3],
			"to": [13, 8, 5],
			"rotation": {"angle": 0, "axis": "y", "origin": [11, 0, 3]},
			"faces": {
				"north": {"uv": [0, 8, 2, 16], "texture": "#0"},
				"east": {"uv": [0, 8, 2, 16], "texture": "#0"},
				"south": {"uv": [0, 8, 2, 16], "texture": "#0"},
				"west": {"uv": [0, 8, 2, 16], "texture": "#0"},
				"up": {"uv": [0, 14, 2, 16], "texture": "#0"},
				"down": {"uv": [0, 14, 2, 16], "texture": "#0"}
			}
		},
		{
			"from": [3, 8, 3],
			"to": [13, 10, 13],
			"rotation": {"angle": 0, "axis": "y", "origin": [11, 8, 3]},
			"faces": {
				"north": {"uv": [6, 4, 16, 6], "texture": "#0"},
				"east": {"uv": [6, 4, 16, 6], "texture": "#0"},
				"south": {"uv": [6, 4, 16, 6], "texture": "#0"},
				"west": {"uv": [6, 5, 16, 7], "texture": "#0"},
				"up": {"uv": [6, 6, 16, 16], "texture": "#0"},
				"down": {"uv": [6, 6, 16, 16], "texture": "#0"}
			}
		}
	],
	"display": {
		"thirdperson_righthand": {
			"rotation": [0, 45, 0],
			"scale": [0.3, 0.3, 0.3]
		},
		"thirdperson_lefthand": {
			"rotation": [0, 45, 0],
			"scale": [0.3, 0.3, 0.3]
		},
		"firstperson_righthand": {
			"rotation": [0, 115, 0],
			"translation": [0, 2.25, 0],
			"scale": [0.4, 0.4, 0.4]
		},
		"firstperson_lefthand": {
			"rotation": [0, 115, 0],
			"translation": [0, 2.25, 0],
			"scale": [0.4, 0.4, 0.4]
		},
		"ground": {
			"translation": [0, 1.25, 0],
			"scale": [0.3, 0.3, 0.3]
		},
		"gui": {
			"rotation": [25, 135, 0],
			"translation": [0, -1.5, 0],
			"scale": [0.6, 0.6, 0.6]
		},
		"fixed": {
			"rotation": [-90, 0, 0],
			"translation": [0, 0, -16],
			"scale": [2, 2, 2]
		}
	}
}