{
	"format_version": "1.21.6",
	"credit": "Made with Blockbench",
	"texture_size": [32, 32],
	"textures": {
		"1": "item/furniture/craftable/spruce_park_bench"
	},
	"elements": [
		{
			"from": [12, 0, 3],
			"to": [14, 7, 5],
			"faces": {
				"north": {"uv": [0.5, 0, 1.5, 3.5], "texture": "#1"},
				"east": {"uv": [6.5, 0, 7.5, 3.5], "texture": "#1"},
				"south": {"uv": [0.5, 0, 1.5, 3.5], "texture": "#1"},
				"west": {"uv": [6.5, 0, 7.5, 3.5], "texture": "#1"},
				"up": {"uv": [0, 15, 1, 16], "texture": "#1"},
				"down": {"uv": [0, 0, 1, 1], "texture": "#1"}
			}
		},
		{
			"from": [-14, 0, 3],
			"to": [-12, 7, 5],
			"faces": {
				"north": {"uv": [6.5, 0, 7.5, 3.5], "texture": "#1"},
				"east": {"uv": [0.5, 0, 1.5, 3.5], "texture": "#1"},
				"south": {"uv": [6.5, 0, 7.5, 3.5], "texture": "#1"},
				"west": {"uv": [0.5, 0, 1.5, 3.5], "texture": "#1"},
				"up": {"uv": [0, 15, 1, 16], "texture": "#1"},
				"down": {"uv": [0, 0, 1, 1], "texture": "#1"}
			}
		},
		{
			"from": [-13.5, 9, 3],
			"to": [-12.5, 13, 4],
			"faces": {
				"north": {"uv": [6.5, 0, 7, 2], "texture": "#1"},
				"east": {"uv": [0.5, 0, 1, 2], "texture": "#1"},
				"south": {"uv": [6.5, 0, 7, 2], "texture": "#1"},
				"west": {"uv": [0.5, 0, 1, 2], "texture": "#1"},
				"up": {"uv": [0, 15, 0.5, 15.5], "texture": "#1"},
				"down": {"uv": [0, 15.5, 0.5, 16], "texture": "#1"}
			}
		},
		{
			"from": [12.5, 9, 3],
			"to": [13.5, 13, 4],
			"faces": {
				"north": {"uv": [6.5, 0, 7, 2], "texture": "#1"},
				"east": {"uv": [0.5, 0, 1, 2], "texture": "#1"},
				"south": {"uv": [6.5, 0, 7, 2], "texture": "#1"},
				"west": {"uv": [0.5, 0, 1, 2], "texture": "#1"},
				"up": {"uv": [0, 15, 0.5, 15.5], "texture": "#1"},
				"down": {"uv": [0, 15.5, 0.5, 16], "texture": "#1"}
			}
		},
		{
			"from": [12, 7, 2],
			"to": [14, 9, 15],
			"faces": {
				"north": {"uv": [0.5, 7, 1.5, 8], "texture": "#1"},
				"east": {"uv": [0.5, 6.5, 7, 7.5], "texture": "#1"},
				"south": {"uv": [7, 6.5, 8, 7.5], "texture": "#1"},
				"west": {"uv": [1, 6.5, 7.5, 7.5], "texture": "#1"},
				"up": {"uv": [0.5, 0, 1.5, 6.5], "texture": "#1"},
				"down": {"uv": [6, 0, 7, 6.5], "texture": "#1"}
			}
		},
		{
			"from": [0, 8, 3],
			"to": [12, 9, 6],
			"faces": {
				"north": {"uv": [10, 15.5, 16, 16], "texture": "#1"},
				"east": {"uv": [14.5, 15.5, 16, 16], "texture": "#1"},
				"south": {"uv": [10, 13.5, 16, 14], "texture": "#1"},
				"west": {"uv": [14.5, 15.5, 16, 16], "texture": "#1"},
				"up": {"uv": [9.5, 12.5, 15.5, 14], "texture": "#1"},
				"down": {"uv": [9, 10.5, 15, 12], "texture": "#1"}
			}
		},
		{
			"from": [-12, 8, 3],
			"to": [0, 9, 6],
			"rotation": {"angle": 0, "axis": "y", "origin": [-12, 0, 0]},
			"faces": {
				"north": {"uv": [10, 15.5, 16, 16], "texture": "#1"},
				"east": {"uv": [14.5, 15.5, 16, 16], "texture": "#1"},
				"south": {"uv": [10, 13.5, 16, 14], "texture": "#1"},
				"west": {"uv": [14.5, 15.5, 16, 16], "texture": "#1"},
				"up": {"uv": [8.5, 8.5, 14.5, 10], "texture": "#1"},
				"down": {"uv": [8, 12.5, 14, 14], "texture": "#1"}
			}
		},
		{
			"from": [-12, 8, 7],
			"to": [0, 9, 10],
			"rotation": {"angle": 0, "axis": "y", "origin": [-12, 0, 4]},
			"faces": {
				"north": {"uv": [10, 15.5, 16, 16], "texture": "#1"},
				"east": {"uv": [14.5, 15.5, 16, 16], "texture": "#1"},
				"south": {"uv": [10, 13.5, 16, 14], "texture": "#1"},
				"west": {"uv": [14.5, 15.5, 16, 16], "texture": "#1"},
				"up": {"uv": [8, 10.5, 14, 12], "texture": "#1"},
				"down": {"uv": [10, 12.5, 16, 14], "texture": "#1"}
			}
		},
		{
			"from": [0, 8, 7],
			"to": [12, 9, 10],
			"rotation": {"angle": 0, "axis": "y", "origin": [0, 0, 4]},
			"faces": {
				"north": {"uv": [10, 15.5, 16, 16], "texture": "#1"},
				"east": {"uv": [14.5, 15.5, 16, 16], "texture": "#1"},
				"south": {"uv": [10, 13.5, 16, 14], "texture": "#1"},
				"west": {"uv": [14.5, 15.5, 16, 16], "texture": "#1"},
				"up": {"uv": [10, 14.5, 16, 16], "texture": "#1"},
				"down": {"uv": [8, 10.5, 14, 12], "texture": "#1"}
			}
		},
		{
			"from": [-12, 8, 11],
			"to": [0, 9, 14],
			"rotation": {"angle": 0, "axis": "y", "origin": [-12, 0, 8]},
			"faces": {
				"north": {"uv": [10, 15.5, 16, 16], "texture": "#1"},
				"east": {"uv": [14.5, 15.5, 16, 16], "texture": "#1"},
				"south": {"uv": [10, 13.5, 16, 14], "texture": "#1"},
				"west": {"uv": [14.5, 15.5, 16, 16], "texture": "#1"},
				"up": {"uv": [9.5, 8.5, 15.5, 10], "texture": "#1"},
				"down": {"uv": [8, 14.5, 14, 16], "texture": "#1"}
			}
		},
		{
			"from": [0, 8, 11],
			"to": [12, 9, 14],
			"rotation": {"angle": 0, "axis": "y", "origin": [0, 0, 8]},
			"faces": {
				"north": {"uv": [10, 15.5, 16, 16], "texture": "#1"},
				"east": {"uv": [14.5, 15.5, 16, 16], "texture": "#1"},
				"south": {"uv": [10, 13.5, 16, 14], "texture": "#1"},
				"west": {"uv": [14.5, 15.5, 16, 16], "texture": "#1"},
				"up": {"uv": [9, 14.5, 15, 16], "texture": "#1"},
				"down": {"uv": [10, 10.5, 16, 12], "texture": "#1"}
			}
		},
		{
			"from": [-12, 18, 10],
			"to": [0, 21, 11],
			"rotation": {"angle": 22.5, "axis": "x", "origin": [-12, 0, 0]},
			"faces": {
				"north": {"uv": [8.5, 9.5, 14.5, 11], "texture": "#1"},
				"east": {"uv": [12.5, 11.5, 13, 13], "texture": "#1"},
				"south": {"uv": [9.5, 9.5, 15.5, 11], "texture": "#1"},
				"west": {"uv": [11.5, 11.5, 12, 13], "texture": "#1"},
				"up": {"uv": [8, 9.5, 14, 10], "texture": "#1"},
				"down": {"uv": [10, 13.5, 16, 14], "texture": "#1"}
			}
		},
		{
			"from": [-12, 14, 10],
			"to": [0, 17, 11],
			"rotation": {"angle": 22.5, "axis": "x", "origin": [-12, 0, 0]},
			"faces": {
				"north": {"uv": [10, 11.5, 16, 13], "texture": "#1"},
				"east": {"uv": [12, 11.5, 12.5, 13], "texture": "#1"},
				"south": {"uv": [8, 11.5, 14, 13], "texture": "#1"},
				"west": {"uv": [8, 11.5, 8.5, 13], "texture": "#1"},
				"up": {"uv": [8, 13.5, 14, 14], "texture": "#1"},
				"down": {"uv": [8, 11.5, 14, 12], "texture": "#1"}
			}
		},
		{
			"from": [-12, 22, 10],
			"to": [0, 25, 11],
			"rotation": {"angle": 22.5, "axis": "x", "origin": [-12, 0, 0]},
			"faces": {
				"north": {"uv": [10, 9.5, 16, 11], "texture": "#1"},
				"east": {"uv": [10, 9.5, 10.5, 11], "texture": "#1"},
				"south": {"uv": [8.5, 13.5, 14.5, 15], "texture": "#1"},
				"west": {"uv": [10, 9.5, 10.5, 11], "texture": "#1"},
				"up": {"uv": [10, 9.5, 16, 10], "texture": "#1"},
				"down": {"uv": [10, 9.5, 16, 10], "texture": "#1"}
			}
		},
		{
			"from": [0, 14, 10],
			"to": [12, 17, 11],
			"rotation": {"angle": 22.5, "axis": "x", "origin": [0, 0, 0]},
			"faces": {
				"north": {"uv": [8, 11.5, 14, 13], "texture": "#1"},
				"east": {"uv": [12, 11.5, 12.5, 13], "texture": "#1"},
				"south": {"uv": [10, 11.5, 16, 13], "texture": "#1"},
				"west": {"uv": [8, 11.5, 8.5, 13], "texture": "#1"},
				"up": {"uv": [8, 13.5, 14, 14], "texture": "#1"},
				"down": {"uv": [8, 11.5, 14, 12], "texture": "#1"}
			}
		},
		{
			"from": [0, 18, 10],
			"to": [12, 21, 11],
			"rotation": {"angle": 22.5, "axis": "x", "origin": [0, 0, 0]},
			"faces": {
				"north": {"uv": [10, 11.5, 16, 13], "texture": "#1"},
				"east": {"uv": [12.5, 11.5, 13, 13], "texture": "#1"},
				"south": {"uv": [8, 9.5, 14, 11], "texture": "#1"},
				"west": {"uv": [11.5, 11.5, 12, 13], "texture": "#1"},
				"up": {"uv": [8, 9.5, 14, 10], "texture": "#1"},
				"down": {"uv": [10, 13.5, 16, 14], "texture": "#1"}
			}
		},
		{
			"from": [0, 22, 10],
			"to": [12, 25, 11],
			"rotation": {"angle": 22.5, "axis": "x", "origin": [0, 0, 0]},
			"faces": {
				"north": {"uv": [10, 9.5, 16, 11], "texture": "#1"},
				"east": {"uv": [10, 9.5, 10.5, 11], "texture": "#1"},
				"south": {"uv": [10, 9.5, 16, 11], "texture": "#1"},
				"west": {"uv": [10, 9.5, 10.5, 11], "texture": "#1"},
				"up": {"uv": [10, 9.5, 16, 10], "texture": "#1"},
				"down": {"uv": [10, 9.5, 16, 10], "texture": "#1"}
			}
		},
		{
			"from": [11.99, 13, 9],
			"to": [13.99, 26, 11],
			"rotation": {"angle": 22.5, "axis": "x", "origin": [0, 0, 0]},
			"faces": {
				"north": {"uv": [6.5, 0, 7.5, 6.5], "texture": "#1"},
				"east": {"uv": [0.5, 0, 1.5, 6.5], "texture": "#1"},
				"south": {"uv": [6.5, 0, 7.5, 6.5], "texture": "#1"},
				"west": {"uv": [0.5, 0, 1.5, 6.5], "texture": "#1"},
				"up": {"uv": [0, 0, 1, 1], "texture": "#1"},
				"down": {"uv": [0, 0, 1, 1], "texture": "#missing"}
			}
		},
		{
			"from": [-13.99, 13, 9],
			"to": [-11.99, 26, 11],
			"rotation": {"angle": 22.5, "axis": "x", "origin": [0, 0, 0]},
			"faces": {
				"north": {"uv": [0.5, 0, 1.5, 6.5], "texture": "#1"},
				"east": {"uv": [6.5, 0, 7.5, 6.5], "texture": "#1"},
				"south": {"uv": [0.5, 0, 1.5, 6.5], "texture": "#1"},
				"west": {"uv": [6.5, 0, 7.5, 6.5], "texture": "#1"},
				"up": {"uv": [7, 0, 8, 1], "texture": "#1"},
				"down": {"uv": [0, 0, 1, 1], "texture": "#missing"}
			}
		},
		{
			"from": [-14, 7, 2],
			"to": [-12, 9, 15],
			"faces": {
				"north": {"uv": [6.5, 7, 7.5, 8], "texture": "#1"},
				"east": {"uv": [0.5, 6, 7, 7], "texture": "#1"},
				"south": {"uv": [0, 6.5, 1, 7.5], "texture": "#1"},
				"west": {"uv": [1, 7, 7.5, 8], "texture": "#1"},
				"up": {"uv": [6.5, 0, 7.5, 6.5], "texture": "#1"},
				"down": {"uv": [0.5, 0, 1.5, 6.5], "texture": "#1"}
			}
		},
		{
			"from": [-14, 13, 2],
			"to": [-12, 14, 16],
			"faces": {
				"north": {"uv": [7.5, 0, 8.5, 0.5], "texture": "#1"},
				"east": {"uv": [2, 0, 7.5, 0.5], "texture": "#1"},
				"south": {"uv": [0, 0, 1, 0.5], "texture": "#1"},
				"west": {"uv": [0, 0, 5.5, 0.5], "texture": "#1"},
				"up": {"uv": [6.5, 0, 7.5, 7], "texture": "#1"},
				"down": {"uv": [6.5, 0, 7.5, 7], "rotation": 180, "texture": "#1"}
			}
		},
		{
			"from": [12, 13, 2],
			"to": [14, 14, 16],
			"faces": {
				"north": {"uv": [7.5, 0, 8.5, 0.5], "texture": "#1"},
				"east": {"uv": [2, 0, 7.5, 0.5], "texture": "#1"},
				"south": {"uv": [0, 0, 1, 0.5], "texture": "#1"},
				"west": {"uv": [0, 0, 5.5, 0.5], "texture": "#1"},
				"up": {"uv": [0.5, 0, 1.5, 7], "texture": "#1"},
				"down": {"uv": [0.5, 0, 1.5, 7], "rotation": 180, "texture": "#1"}
			}
		},
		{
			"from": [12, 0, 13],
			"to": [14, 7, 15],
			"faces": {
				"north": {"uv": [0.5, 0, 1.5, 3.5], "texture": "#1"},
				"east": {"uv": [6.5, 0, 7.5, 3.5], "texture": "#1"},
				"south": {"uv": [0.5, 0, 1.5, 3.5], "texture": "#1"},
				"west": {"uv": [6.5, 0, 7.5, 3.5], "texture": "#1"},
				"up": {"uv": [0, 15, 1, 16], "texture": "#1"},
				"down": {"uv": [0, 0, 1, 1], "texture": "#1"}
			}
		},
		{
			"from": [-14, 0, 13],
			"to": [-12, 7, 15],
			"faces": {
				"north": {"uv": [6.5, 0, 7.5, 3.5], "texture": "#1"},
				"east": {"uv": [0.5, 0, 1.5, 3.5], "texture": "#1"},
				"south": {"uv": [6.5, 0, 7.5, 3.5], "texture": "#1"},
				"west": {"uv": [0.5, 0, 1.5, 3.5], "texture": "#1"},
				"up": {"uv": [0, 15, 1, 16], "texture": "#1"},
				"down": {"uv": [0, 0, 1, 1], "texture": "#1"}
			}
		}
	],
	"display": {
		"thirdperson_righthand": {
			"translation": [1.5, 1.25, 0],
			"scale": [0.2, 0.2, 0.2]
		},
		"thirdperson_lefthand": {
			"translation": [-1.5, 1.25, 0],
			"scale": [0.2, 0.2, 0.2]
		},
		"firstperson_righthand": {
			"rotation": [0, 135, 0],
			"translation": [-1, 0.5, -3],
			"scale": [0.3, 0.3, 0.3]
		},
		"firstperson_lefthand": {
			"rotation": [0, 135, 0],
			"translation": [3, 0.5, 0],
			"scale": [0.3, 0.3, 0.3]
		},
		"ground": {
			"translation": [1.5, 2, 0],
			"scale": [0.17, 0.17, 0.17]
		},
		"gui": {
			"rotation": [30, 135, 0],
			"translation": [-3, 0, 0],
			"scale": [0.4, 0.4, 0.4]
		},
		"head": {
			"scale": [0, 0, 0]
		},
		"fixed": {
			"rotation": [-90, 0, 0],
			"translation": [0, -4, -16],
			"scale": [2, 2, 2]
		}
	}
}