{
	"format_version": "1.21.6",
	"credit": "Made with Blockbench",
	"textures": {
		"1": "item/food/burgers/hamburger",
		"particle": "item/food/burgers/hamburger"
	},
	"elements": [
		{
			"from": [6, 0, 6],
			"to": [10, 1, 10],
			"rotation": {"angle": 0, "axis": "y", "origin": [8, 0, 6]},
			"faces": {
				"north": {"uv": [0, 8, 8, 10], "texture": "#1"},
				"east": {"uv": [0, 8, 8, 10], "texture": "#1"},
				"south": {"uv": [0, 8, 8, 10], "texture": "#1"},
				"west": {"uv": [0, 8, 8, 10], "texture": "#1"},
				"up": {"uv": [0, 8, 8, 16], "texture": "#1"},
				"down": {"uv": [0, 8, 8, 16], "texture": "#1"}
			}
		},
		{
			"from": [6, 1, 6],
			"to": [10, 2, 10],
			"rotation": {"angle": 0, "axis": "y", "origin": [8, 1, 6]},
			"faces": {
				"north": {"uv": [8, 6, 16, 8], "texture": "#1"},
				"east": {"uv": [8, 6, 16, 8], "texture": "#1"},
				"south": {"uv": [8, 6, 16, 8], "texture": "#1"},
				"west": {"uv": [8, 6, 16, 8], "texture": "#1"},
				"up": {"uv": [0, 8, 8, 16], "texture": "#1"},
				"down": {"uv": [0, 8, 8, 16], "texture": "#1"}
			}
		},
		{
			"from": [6.1, 0.9, 6.5],
			"to": [8.1, 0.9, 8.5],
			"rotation": {"angle": -37.5, "axis": "y", "origin": [8.1, 0.9, 6.5]},
			"faces": {
				"north": {"uv": [0, 8, 8, 10], "texture": "#1"},
				"east": {"uv": [0, 8, 8, 10], "texture": "#1"},
				"south": {"uv": [0, 8, 8, 10], "texture": "#1"},
				"west": {"uv": [0, 8, 8, 10], "texture": "#1"},
				"up": {"uv": [12, 0, 16, 4], "texture": "#1"},
				"down": {"uv": [10, 2, 14, 6], "texture": "#1"}
			}
		},
		{
			"from": [6.1, 0.9, 9.1],
			"to": [8.1, 0.9, 11.1],
			"rotation": {"angle": -37.5, "axis": "y", "origin": [8.1, 0.9, 9.1]},
			"faces": {
				"north": {"uv": [0, 8, 8, 10], "texture": "#1"},
				"east": {"uv": [0, 8, 8, 10], "texture": "#1"},
				"south": {"uv": [0, 8, 8, 10], "texture": "#1"},
				"west": {"uv": [0, 8, 8, 10], "texture": "#1"},
				"up": {"uv": [12, 0, 16, 4], "texture": "#1"},
				"down": {"uv": [10, 2, 14, 6], "texture": "#1"}
			}
		},
		{
			"from": [8.7, 0.9, 9.2],
			"to": [10.7, 0.9, 11.2],
			"rotation": {"angle": -42.5, "axis": "y", "origin": [10.7, 0.9, 9.2]},
			"faces": {
				"north": {"uv": [0, 8, 8, 10], "texture": "#1"},
				"east": {"uv": [0, 8, 8, 10], "texture": "#1"},
				"south": {"uv": [0, 8, 8, 10], "texture": "#1"},
				"west": {"uv": [0, 8, 8, 10], "texture": "#1"},
				"up": {"uv": [12, 0, 16, 4], "texture": "#1"},
				"down": {"uv": [10, 2, 14, 6], "texture": "#1"}
			}
		},
		{
			"from": [8.7, 0.9, 6.5],
			"to": [10.7, 0.9, 8.5],
			"rotation": {"angle": -37.5, "axis": "y", "origin": [10.7, 0.9, 6.5]},
			"faces": {
				"north": {"uv": [0, 8, 8, 10], "texture": "#1"},
				"east": {"uv": [0, 8, 8, 10], "texture": "#1"},
				"south": {"uv": [0, 8, 8, 10], "texture": "#1"},
				"west": {"uv": [0, 8, 8, 10], "texture": "#1"},
				"up": {"uv": [10, 2, 14, 6], "texture": "#1"},
				"down": {"uv": [8, 2, 12, 6], "texture": "#1"}
			}
		},
		{
			"from": [6, 1.1, 8.6],
			"to": [8, 1.1, 10.6],
			"rotation": {"angle": -17.5, "axis": "y", "origin": [8, 1.1, 8.6]},
			"faces": {
				"north": {"uv": [0, 8, 8, 10], "texture": "#1"},
				"east": {"uv": [0, 8, 8, 10], "texture": "#1"},
				"south": {"uv": [0, 8, 8, 10], "texture": "#1"},
				"west": {"uv": [0, 8, 8, 10], "texture": "#1"},
				"up": {"uv": [8, 12, 12, 16], "texture": "#1"},
				"down": {"uv": [8, 12, 12, 16], "texture": "#1"}
			}
		},
		{
			"from": [8, 1.1, 8.1],
			"to": [10, 1.1, 10.1],
			"rotation": {"angle": 10, "axis": "y", "origin": [10, 1.1, 8.1]},
			"faces": {
				"north": {"uv": [0, 8, 8, 10], "texture": "#1"},
				"east": {"uv": [0, 8, 8, 10], "texture": "#1"},
				"south": {"uv": [0, 8, 8, 10], "texture": "#1"},
				"west": {"uv": [0, 8, 8, 10], "texture": "#1"},
				"up": {"uv": [8, 12, 12, 16], "texture": "#1"},
				"down": {"uv": [8, 12, 12, 16], "texture": "#1"}
			}
		},
		{
			"from": [8.4, 1.1, 5.8],
			"to": [10.4, 1.1, 7.8],
			"rotation": {"angle": -7.5, "axis": "y", "origin": [10.4, 1.1, 5.8]},
			"faces": {
				"north": {"uv": [0, 8, 8, 10], "texture": "#1"},
				"east": {"uv": [0, 8, 8, 10], "texture": "#1"},
				"south": {"uv": [0, 8, 8, 10], "texture": "#1"},
				"west": {"uv": [0, 8, 8, 10], "texture": "#1"},
				"up": {"uv": [8, 12, 12, 16], "texture": "#1"},
				"down": {"uv": [8, 12, 12, 16], "texture": "#1"}
			}
		},
		{
			"from": [5.5, 1.1, 5.6],
			"to": [7.5, 1.1, 7.6],
			"rotation": {"angle": 10, "axis": "y", "origin": [7.5, 1.1, 5.6]},
			"faces": {
				"north": {"uv": [0, 8, 8, 10], "texture": "#1"},
				"east": {"uv": [0, 8, 8, 10], "texture": "#1"},
				"south": {"uv": [0, 8, 8, 10], "texture": "#1"},
				"west": {"uv": [0, 8, 8, 10], "texture": "#1"},
				"up": {"uv": [8, 12, 12, 16], "texture": "#1"},
				"down": {"uv": [8, 12, 12, 16], "texture": "#1"}
			}
		},
		{
			"from": [6, 1, 6],
			"to": [10, 1, 10],
			"rotation": {"angle": 45, "axis": "y", "origin": [8, 1, 8]},
			"faces": {
				"north": {"uv": [0, 8, 8, 10], "texture": "#1"},
				"east": {"uv": [0, 8, 8, 10], "texture": "#1"},
				"south": {"uv": [0, 8, 8, 10], "texture": "#1"},
				"west": {"uv": [0, 8, 8, 10], "texture": "#1"},
				"up": {"uv": [0, 0, 8, 8], "rotation": 90, "texture": "#1"},
				"down": {"uv": [0, 0, 8, 8], "rotation": 270, "texture": "#1"}
			}
		}
	],
	"display": {
		"thirdperson_righthand": {
			"rotation": [68, 0, 0],
			"translation": [0, 3.25, 5.75],
			"scale": [0.9, 0.9, 0.9]
		},
		"thirdperson_lefthand": {
			"rotation": [68, 0, 0],
			"translation": [0, 4.25, 5.75],
			"scale": [0.9, 0.9, 0.9]
		},
		"firstperson_righthand": {
			"translation": [3.75, 8.5, -2.5],
			"scale": [1.3, 1.3, 1.3]
		},
		"firstperson_lefthand": {
			"translation": [3.75, 8.5, -2.5],
			"scale": [1.3, 1.3, 1.3]
		},
		"ground": {
			"translation": [0, 6, 0]
		},
		"gui": {
			"rotation": [30, -45, 0],
			"translation": [0, 10, 0],
			"scale": [1.7, 1.7, 1.7]
		},
		"head": {
			"scale": [0, 0, 0]
		},
		"fixed": {
			"rotation": [-90, 0, 0],
			"translation": [0, 0, -16],
			"scale": [2, 2, 2]
		},
		"on_shelf": {
			"rotation": [90, 0, 0],
			"translation": [0, 0, 20],
			"scale": [3, 3, 3]
		}
	}
}