{
	"credit": "Made with Blockbench",
	"texture_size": [48, 48],
	"textures": {
		"0": "item/furniture/modern/sofa_red",
		"particle": "item/furniture/modern/sofa_red"
	},
	"elements": [
		{
			"from": [-3, 0, 13],
			"to": [-1, 2, 15],
			"faces": {
				"north": {"uv": [0, 8, 0.66667, 8.66667], "texture": "#0"},
				"east": {"uv": [0, 8, 0.66667, 8.66667], "texture": "#0"},
				"south": {"uv": [0, 8, 0.66667, 8.66667], "texture": "#0"},
				"west": {"uv": [0, 8, 0.66667, 8.66667], "texture": "#0"},
				"up": {"uv": [0, 8, 0.66667, 8.66667], "texture": "#0"},
				"down": {"uv": [0, 8, 0.66667, 8.66667], "texture": "#0"}
			}
		},
		{
			"from": [-3, 0, 1],
			"to": [-1, 2, 3],
			"faces": {
				"north": {"uv": [0, 8, 0.66667, 8.66667], "texture": "#0"},
				"east": {"uv": [0, 8, 0.66667, 8.66667], "texture": "#0"},
				"south": {"uv": [0, 8, 0.66667, 8.66667], "texture": "#0"},
				"west": {"uv": [0, 8, 0.66667, 8.66667], "texture": "#0"},
				"up": {"uv": [0, 8, 0.66667, 8.66667], "texture": "#0"},
				"down": {"uv": [0, 8, 0.66667, 8.66667], "texture": "#0"}
			}
		},
		{
			"from": [17, 0, 1],
			"to": [19, 2, 3],
			"faces": {
				"north": {"uv": [0, 8, 0.66667, 8.66667], "texture": "#0"},
				"east": {"uv": [0, 8, 0.66667, 8.66667], "texture": "#0"},
				"south": {"uv": [0, 8, 0.66667, 8.66667], "texture": "#0"},
				"west": {"uv": [0, 8, 0.66667, 8.66667], "texture": "#0"},
				"up": {"uv": [0, 8, 0.66667, 8.66667], "texture": "#0"},
				"down": {"uv": [0, 8, 0.66667, 8.66667], "texture": "#0"}
			}
		},
		{
			"from": [17, 0, 13],
			"to": [19, 2, 15],
			"faces": {
				"north": {"uv": [0, 8, 0.66667, 8.66667], "texture": "#0"},
				"east": {"uv": [0, 8, 0.66667, 8.66667], "texture": "#0"},
				"south": {"uv": [0, 8, 0.66667, 8.66667], "texture": "#0"},
				"west": {"uv": [0, 8, 0.66667, 8.66667], "texture": "#0"},
				"up": {"uv": [0, 8, 0.66667, 8.66667], "texture": "#0"},
				"down": {"uv": [0, 8, 0.66667, 8.66667], "texture": "#0"}
			}
		},
		{
			"from": [0, 2, 0],
			"to": [16, 10, 16],
			"faces": {
				"north": {"uv": [0, 13.33334, 5.33333, 16], "texture": "#0"},
				"east": {"uv": [0, 5.33333, 5.33333, 8], "texture": "#0"},
				"south": {"uv": [0, 13.33334, 5.33333, 16], "rotation": 180, "texture": "#0"},
				"west": {"uv": [0, 5.33333, 5.33333, 8], "texture": "#0"},
				"up": {"uv": [0, 0, 5.33333, 5.33333], "texture": "#0"},
				"down": {"uv": [0, 0, 5.33333, 5.33333], "texture": "#0"}
			}
		},
		{
			"from": [-0.05, 13.25, 6],
			"to": [16.05, 29.25, 12],
			"rotation": {"angle": 22.5, "axis": "x", "origin": [0, 0, 0]},
			"faces": {
				"north": {"uv": [5.33333, 0, 10.66667, 5.33333], "texture": "#0"},
				"east": {"uv": [0, 8.66667, 5.33333, 10.66667], "rotation": 270, "texture": "#0"},
				"south": {"uv": [5.33333, 0, 10.66667, 5.33333], "texture": "#0"},
				"west": {"uv": [0, 8.66667, 5.33333, 10.66667], "rotation": 270, "texture": "#0"},
				"up": {"uv": [0, 8.66667, 5.33333, 10.66667], "rotation": 180, "texture": "#0"},
				"down": {"uv": [0, 8.66667, 5.33333, 10.66667], "texture": "#0"}
			}
		},
		{
			"from": [-4, 2, 0],
			"to": [0, 14, 16],
			"faces": {
				"north": {"uv": [5.33333, 10.66667, 9.33333, 12], "rotation": 270, "texture": "#0"},
				"east": {"uv": [6.66667, 5.33333, 10.66667, 10.66667], "rotation": 90, "texture": "#0"},
				"south": {"uv": [5.33333, 12, 9.33333, 13.33333], "rotation": 270, "texture": "#0"},
				"west": {"uv": [6.66667, 5.33333, 10.66667, 10.66667], "rotation": 90, "texture": "#0"},
				"up": {"uv": [5.33333, 5.33333, 6.66667, 10.66667], "rotation": 180, "texture": "#0"},
				"down": {"uv": [5.33333, 5.33333, 6.66667, 10.66667], "texture": "#0"}
			}
		},
		{
			"from": [16, 2, 0],
			"to": [20, 14, 16],
			"faces": {
				"north": {"uv": [5.33333, 12, 9.33333, 13.33333], "rotation": 270, "texture": "#0"},
				"east": {"uv": [6.66667, 5.33333, 10.66667, 10.66667], "rotation": 90, "texture": "#0"},
				"south": {"uv": [5.33333, 10.66667, 9.33333, 12], "rotation": 270, "texture": "#0"},
				"west": {"uv": [6.66667, 5.33333, 10.66667, 10.66667], "rotation": 90, "texture": "#0"},
				"up": {"uv": [5.33333, 5.33333, 6.66667, 10.66667], "texture": "#0"},
				"down": {"uv": [5.33333, 5.33333, 6.66667, 10.66667], "texture": "#0"}
			}
		}
	],
	"display": {
		"thirdperson_righthand": {
			"scale": [0.3, 0.3, 0.3]
		},
		"thirdperson_lefthand": {
			"scale": [0.3, 0.3, 0.3]
		},
		"firstperson_righthand": {
			"rotation": [0, 135, 0],
			"translation": [1.75, 2, 0],
			"scale": [0.3, 0.3, 0.3]
		},
		"firstperson_lefthand": {
			"rotation": [0, 135, 0],
			"translation": [1.75, 2, 0],
			"scale": [0.3, 0.3, 0.3]
		},
		"ground": {
			"translation": [0, 3, 0],
			"scale": [0.2, 0.2, 0.2]
		},
		"gui": {
			"rotation": [30, 135, 0],
			"translation": [-0.5, -1.75, 0],
			"scale": [0.4, 0.4, 0.4]
		},
		"head": {
			"scale": [0, 0, 0]
		},
		"fixed": {
			"rotation": [-90, 0, 0],
			"translation": [0, -2, -16],
			"scale": [2, 2, 2]
		}
	}
}