{
	"format_version": "1.21.6",
	"credit": "Made with Blockbench",
	"texture_size": [32, 32],
	"textures": {
		"2": "item/furniture/modern/golden_toilet",
		"particle": "item/furniture/modern/golden_toilet"
	},
	"elements": [
		{
			"from": [5, 0, 5],
			"to": [11, 3, 11],
			"faces": {
				"north": {"uv": [4, 7, 7, 8.5], "texture": "#2"},
				"east": {"uv": [4, 7, 7, 8.5], "texture": "#2"},
				"south": {"uv": [4, 7, 7, 8.5], "texture": "#2"},
				"west": {"uv": [4, 7, 7, 8.5], "texture": "#2"},
				"up": {"uv": [16, 16, 13, 13], "texture": "#2"},
				"down": {"uv": [3, 13, 0, 16], "texture": "#2"}
			}
		},
		{
			"from": [3, 4, 4],
			"to": [4, 8, 13],
			"faces": {
				"north": {"uv": [0, 0, 0.5, 2], "texture": "#2"},
				"east": {"uv": [11.5, 14, 16, 16], "texture": "#2"},
				"south": {"uv": [5, 1, 5.5, 3], "texture": "#2"},
				"west": {"uv": [0, 5, 4.5, 7], "texture": "#2"},
				"up": {"uv": [6.5, 4.5, 6, 0], "texture": "#2"},
				"down": {"uv": [4.5, 5, 0, 5.5], "rotation": 90, "texture": "#2"}
			}
		},
		{
			"from": [4, 4, 5],
			"to": [5, 8, 11],
			"faces": {
				"north": {"uv": [15.5, 14, 16, 16], "texture": "#2"},
				"east": {"uv": [5, 5, 8, 7], "texture": "#2"},
				"south": {"uv": [15.5, 14, 16, 16], "texture": "#2"},
				"west": {"uv": [13, 14, 16, 16], "texture": "#2"},
				"up": {"uv": [4, 6.5, 1, 6], "rotation": 90, "texture": "#2"},
				"down": {"uv": [17, 1, 11, 2], "rotation": 90, "texture": "#missing"}
			}
		},
		{
			"from": [11, 4, 5],
			"to": [12, 8, 11],
			"faces": {
				"north": {"uv": [15.5, 14, 16, 16], "texture": "#2"},
				"east": {"uv": [1, 2, 4, 4], "texture": "#2"},
				"south": {"uv": [15.5, 14, 16, 16], "texture": "#2"},
				"west": {"uv": [5, 5, 8, 7], "texture": "#2"},
				"up": {"uv": [8, 6.5, 5, 6], "rotation": 90, "texture": "#2"},
				"down": {"uv": [13, 15.5, 16, 16], "rotation": 90, "texture": "#2"}
			}
		},
		{
			"from": [12, 4, 4],
			"to": [13, 8, 13],
			"faces": {
				"north": {"uv": [0, 0, 0.5, 2], "texture": "#2"},
				"east": {"uv": [0, 5, 4.5, 7], "texture": "#2"},
				"south": {"uv": [7, 3.5, 7.5, 5.5], "texture": "#2"},
				"west": {"uv": [16, 5.5, 25, 9.5], "texture": "#missing"},
				"up": {"uv": [6.5, 4.5, 6, 0], "texture": "#2"},
				"down": {"uv": [4.5, 6.5, 0, 7], "rotation": 90, "texture": "#2"}
			}
		},
		{
			"from": [4, 4, 11],
			"to": [12, 8, 14],
			"faces": {
				"north": {"uv": [4.5, 5, 8.5, 7], "texture": "#2"},
				"east": {"uv": [6.5, 1, 8, 3], "texture": "#2"},
				"south": {"uv": [4.5, 5, 8.5, 7], "texture": "#2"},
				"west": {"uv": [6, 2, 7.5, 4], "texture": "#2"},
				"up": {"uv": [6.5, 0.5, 5, 4.5], "rotation": 90, "texture": "#2"},
				"down": {"uv": [4.5, 4.5, 0.5, 6], "texture": "#2"}
			}
		},
		{
			"from": [3, 8, 12],
			"to": [13, 18, 16],
			"faces": {
				"north": {"uv": [0, 0, 5, 5], "texture": "#2"},
				"east": {"uv": [7, 0, 9, 5], "texture": "#2"},
				"south": {"uv": [0, 0, 5, 5], "texture": "#2"},
				"west": {"uv": [5, 0, 7, 5], "texture": "#2"},
				"up": {"uv": [7, 5, 5, 0], "rotation": 270, "texture": "#2"},
				"down": {"uv": [7, 0, 5, 5], "rotation": 90, "texture": "#2"}
			}
		},
		{
			"from": [7, 18, 13],
			"to": [9, 19, 15],
			"faces": {
				"north": {"uv": [1, 6, 2, 6.5], "texture": "#2"},
				"east": {"uv": [4.5, 3, 5.5, 3.5], "texture": "#2"},
				"south": {"uv": [4.5, 3, 5.5, 3.5], "texture": "#2"},
				"west": {"uv": [5.5, 1, 6.5, 1.5], "texture": "#2"},
				"up": {"uv": [5.5, 1, 6.5, 2], "texture": "#2"},
				"down": {"uv": [15.75, 15, 15, 15.75], "texture": "#2"}
			}
		},
		{
			"from": [4, 3, 4],
			"to": [12, 4, 13],
			"faces": {
				"north": {"uv": [4.5, 6.5, 8.5, 7], "texture": "#2"},
				"east": {"uv": [4, 6.5, 8.5, 7], "texture": "#2"},
				"south": {"uv": [0, 6.5, 4, 7], "texture": "#2"},
				"west": {"uv": [0, 6.5, 4.5, 7], "texture": "#2"},
				"up": {"uv": [4, 11.5, 0, 7], "texture": "#2"},
				"down": {"uv": [4, 11.5, 0, 16], "texture": "#2"}
			}
		},
		{
			"from": [4, 4, 3],
			"to": [12, 8, 5],
			"faces": {
				"north": {"uv": [4.5, 5, 8.5, 7], "texture": "#2"},
				"east": {"uv": [6, 0, 7, 2], "texture": "#2"},
				"south": {"uv": [4.5, 5, 8.5, 7], "texture": "#2"},
				"west": {"uv": [6.5, 0.5, 7.5, 2.5], "texture": "#2"},
				"up": {"uv": [4.5, 3, 0.5, 2], "rotation": 180, "texture": "#2"},
				"down": {"uv": [4.5, 4, 0.5, 5], "texture": "#2"}
			}
		}
	],
	"display": {
		"thirdperson_righthand": {
			"translation": [0, 2.75, 0],
			"scale": [0.5, 0.5, 0.5]
		},
		"thirdperson_lefthand": {
			"rotation": [38.75, 0, 41],
			"translation": [-6, 5.25, 0]
		},
		"firstperson_righthand": {
			"rotation": [0, 119.5, 0],
			"scale": [0.6, 0.6, 0.6]
		},
		"firstperson_lefthand": {
			"rotation": [0, 125.5, 0],
			"translation": [1.25, 0.75, 0],
			"scale": [0.6, 0.6, 0.6]
		},
		"ground": {
			"translation": [0, 1.5, 0],
			"scale": [0.3, 0.3, 0.3]
		},
		"gui": {
			"rotation": [30, 135, 0],
			"translation": [-0.75, -1.25, 0],
			"scale": [0.6, 0.6, 0.6]
		},
		"head": {
			"scale": [0, 0, 0]
		},
		"fixed": {
			"rotation": [-90, 0, 0],
			"translation": [0, 0, -16],
			"scale": [2, 2, 2]
		}
	}
}