{
	"format_version": "1.21.6",
	"credit": "Made with Blockbench",
	"textures": {
		"0": "item/furniture/modern/office_chair",
		"particle": "item/furniture/modern/office_chair"
	},
	"elements": [
		{
			"from": [2, 0.05, -0.05],
			"to": [3, 10.05, 0.95],
			"rotation": {"angle": 22.5, "axis": "x", "origin": [2, 0, 1]},
			"faces": {
				"north": {"uv": [15, 0, 16, 10], "texture": "#0"},
				"east": {"uv": [15, 0, 16, 10], "texture": "#0"},
				"south": {"uv": [15, 0, 16, 10], "texture": "#0"},
				"west": {"uv": [15, 0, 16, 10], "texture": "#0"},
				"up": {"uv": [0, 0, 0.5, 0.5], "texture": "#0"},
				"down": {"uv": [15, 0, 15.5, 0.5], "texture": "#0"}
			}
		},
		{
			"from": [13, 0.05, -0.05],
			"to": [14, 10.05, 0.95],
			"rotation": {"angle": 22.5, "axis": "x", "origin": [2, 0, 1]},
			"faces": {
				"north": {"uv": [15, 0, 16, 10], "texture": "#0"},
				"east": {"uv": [15, 0, 16, 10], "texture": "#0"},
				"south": {"uv": [15, 0, 16, 10], "texture": "#0"},
				"west": {"uv": [15, 0, 16, 10], "texture": "#0"},
				"up": {"uv": [0, 0, 0.5, 0.5], "texture": "#0"},
				"down": {"uv": [15, 0, 15.5, 0.5], "texture": "#0"}
			}
		},
		{
			"from": [12.9, 12.3, 6.45],
			"to": [13.9, 15.3, 7.45],
			"rotation": {"angle": 22.5, "axis": "x", "origin": [2, 0, 1]},
			"faces": {
				"north": {"uv": [15, 0, 16, 3], "texture": "#0"},
				"east": {"uv": [15, 0, 16, 3], "texture": "#0"},
				"south": {"uv": [15, 0, 16, 3], "texture": "#0"},
				"west": {"uv": [15, 0, 16, 3], "texture": "#0"},
				"up": {"uv": [0, 0, 0.5, 0.5], "texture": "#0"},
				"down": {"uv": [0, 0, 0.5, 0.5], "texture": "#0"}
			}
		},
		{
			"from": [2.1, 12.3, 6.45],
			"to": [3.1, 15.3, 7.45],
			"rotation": {"angle": 22.5, "axis": "x", "origin": [2, 0, 1]},
			"faces": {
				"north": {"uv": [15, 0, 16, 3], "texture": "#0"},
				"east": {"uv": [15, 0, 16, 3], "texture": "#0"},
				"south": {"uv": [15, 0, 16, 3], "texture": "#0"},
				"west": {"uv": [15, 0, 16, 3], "texture": "#0"},
				"up": {"uv": [0, 0, 0.5, 0.5], "texture": "#0"},
				"down": {"uv": [0, 0, 0.5, 0.5], "texture": "#0"}
			}
		},
		{
			"from": [2.1, 15.3, 6.45],
			"to": [14.1, 21.3, 7.45],
			"rotation": {"angle": 22.5, "axis": "x", "origin": [2, 0, 1]},
			"faces": {
				"north": {"uv": [0, 8, 12, 14], "texture": "#0"},
				"east": {"uv": [0, 8, 1, 14], "texture": "#0"},
				"south": {"uv": [0, 8, 12, 14], "texture": "#0"},
				"west": {"uv": [0, 8, 1, 14], "texture": "#0"},
				"up": {"uv": [0, 8, 12, 9], "texture": "#0"},
				"down": {"uv": [0, 8, 12, 9], "texture": "#0"}
			}
		},
		{
			"from": [2, -4.9, 13],
			"to": [3, 5.1, 14],
			"rotation": {"angle": -22.5, "axis": "x", "origin": [2, 0, 1]},
			"faces": {
				"north": {"uv": [15, 0, 15.5, 5], "texture": "#0"},
				"east": {"uv": [15, 0, 16, 10], "texture": "#0"},
				"south": {"uv": [15, 0, 16, 10], "texture": "#0"},
				"west": {"uv": [15, 0, 16, 10], "texture": "#0"},
				"up": {"uv": [0, 0, 0.5, 0.5], "texture": "#0"},
				"down": {"uv": [15, 0, 15.5, 0.5], "texture": "#0"}
			}
		},
		{
			"from": [12.95, 8.7, 3.9],
			"to": [14.05, 9.7, 11.05],
			"rotation": {"angle": 0, "axis": "x", "origin": [13, 0, 1]},
			"faces": {
				"north": {"uv": [15, 0, 16, 8], "rotation": 180, "texture": "#0"},
				"east": {"uv": [15, 1, 16, 9], "rotation": 270, "texture": "#0"},
				"south": {"uv": [15, 0, 15.55, 0.5], "texture": "#0"},
				"west": {"uv": [0, 0, 0.5, 3.575], "rotation": 90, "texture": "#0"},
				"up": {"uv": [15, 1, 16, 9], "rotation": 180, "texture": "#0"},
				"down": {"uv": [15, 1, 16, 9], "texture": "#0"}
			}
		},
		{
			"from": [1.95, 8.7, 3.9],
			"to": [3.05, 9.7, 11.05],
			"rotation": {"angle": 0, "axis": "x", "origin": [15, 0, 1]},
			"faces": {
				"north": {"uv": [15, 0, 16, 8], "rotation": 180, "texture": "#0"},
				"east": {"uv": [0, 0, 0.5, 3.575], "rotation": 270, "texture": "#0"},
				"south": {"uv": [15, 0, 15.55, 0.5], "texture": "#0"},
				"west": {"uv": [15, 1, 16, 9], "rotation": 90, "texture": "#0"},
				"up": {"uv": [15, 1, 16, 9], "rotation": 180, "texture": "#0"},
				"down": {"uv": [15, 1, 16, 9], "texture": "#0"}
			}
		},
		{
			"from": [3, 8.2, 3.55],
			"to": [13, 9.2, 11.55],
			"rotation": {"angle": 0, "axis": "x", "origin": [15, 0, 1]},
			"faces": {
				"north": {"uv": [0, 0, 10, 1], "rotation": 180, "texture": "#0"},
				"east": {"uv": [0, 0, 1, 8], "rotation": 270, "texture": "#0"},
				"south": {"uv": [0, 0, 10, 1], "texture": "#0"},
				"west": {"uv": [0, 0, 1, 8], "rotation": 90, "texture": "#0"},
				"up": {"uv": [0, 0, 10, 8], "rotation": 180, "texture": "#0"},
				"down": {"uv": [0, 0, 10, 8], "texture": "#0"}
			}
		},
		{
			"from": [13, -4.9, 13],
			"to": [14, 5.1, 14],
			"rotation": {"angle": -22.5, "axis": "x", "origin": [13, 0, 1]},
			"faces": {
				"north": {"uv": [15, 0, 16, 8], "texture": "#0"},
				"east": {"uv": [15, 0, 16, 10], "texture": "#0"},
				"south": {"uv": [15, 0, 16, 10], "texture": "#0"},
				"west": {"uv": [15, 0, 16, 10], "texture": "#0"},
				"up": {"uv": [0, 0, 0.5, 0.5], "texture": "#0"},
				"down": {"uv": [15, 0, 15.5, 0.5], "texture": "#0"}
			}
		}
	],
	"display": {
		"thirdperson_righthand": {
			"translation": [0, 2.25, 0],
			"scale": [0.3, 0.3, 0.3]
		},
		"thirdperson_lefthand": {
			"scale": [0.3, 0.3, 0.3]
		},
		"firstperson_righthand": {
			"rotation": [0, 120, 0],
			"scale": [0.5, 0.5, 0.5]
		},
		"firstperson_lefthand": {
			"rotation": [0, 120, 0],
			"scale": [0.5, 0.5, 0.5]
		},
		"ground": {
			"translation": [0, 1.5, 0],
			"scale": [0.3, 0.3, 0.3]
		},
		"gui": {
			"rotation": [30, 135, 0],
			"translation": [0, -0.5, 0],
			"scale": [0.6, 0.6, 0.6]
		},
		"head": {
			"scale": [0, 0, 0]
		},
		"fixed": {
			"rotation": [-90, 0, 0],
			"translation": [0, 0, -16],
			"scale": [2, 2, 2]
		}
	}
}