{
	"format_version": "1.21.6",
	"credit": "Made with Blockbench",
	"texture_size": [32, 32],
	"textures": {
		"0": "item/furniture/modern/toilet",
		"particle": "item/furniture/modern/toilet"
	},
	"elements": [
		{
			"from": [5, 0, 5],
			"to": [11, 3, 11],
			"faces": {
				"north": {"uv": [9.5, 2, 12.5, 3.5], "texture": "#0"},
				"east": {"uv": [9.5, 2, 12.5, 3.5], "texture": "#0"},
				"south": {"uv": [9.5, 2, 12.5, 3.5], "texture": "#0"},
				"west": {"uv": [9.5, 2, 12.5, 3.5], "texture": "#0"},
				"up": {"uv": [0, 0, 3, 2.5], "texture": "#missing"},
				"down": {"uv": [1, 1, 4, 3.5], "texture": "#0"}
			}
		},
		{
			"from": [3, 4, 4],
			"to": [4, 8, 13],
			"faces": {
				"north": {"uv": [7, 0, 7.5, 2], "texture": "#0"},
				"east": {"uv": [7, 0, 11, 2], "texture": "#0"},
				"south": {"uv": [7, 0, 7.5, 2], "texture": "#0"},
				"west": {"uv": [11, 0, 15.5, 2], "texture": "#0"},
				"up": {"uv": [7, 1, 11.5, 1.5], "rotation": 90, "texture": "#0"},
				"down": {"uv": [7, 0.5, 11, 1], "rotation": 90, "texture": "#0"}
			}
		},
		{
			"from": [4, 4, 5],
			"to": [5, 8, 11],
			"faces": {
				"north": {"uv": [7, 0, 7.5, 2], "texture": "#0"},
				"east": {"uv": [7.5, 0, 10.5, 2], "texture": "#0"},
				"south": {"uv": [7, 0, 7.5, 2], "texture": "#0"},
				"west": {"uv": [7, 0, 11, 2], "texture": "#0"},
				"up": {"uv": [7, 0.5, 10, 1], "rotation": 90, "texture": "#0"},
				"down": {"uv": [7, 0.5, 11, 1], "rotation": 90, "texture": "#0"}
			}
		},
		{
			"from": [11, 4, 5],
			"to": [12, 8, 11],
			"faces": {
				"north": {"uv": [7, 0, 7.5, 2], "texture": "#0"},
				"east": {"uv": [7, 0, 11, 2], "texture": "#0"},
				"south": {"uv": [7, 0, 7.5, 2], "texture": "#0"},
				"west": {"uv": [7.5, 0, 10.5, 2], "texture": "#0"},
				"up": {"uv": [7, 0.5, 10, 1], "rotation": 90, "texture": "#0"},
				"down": {"uv": [7, 0.5, 11, 1], "rotation": 90, "texture": "#0"}
			}
		},
		{
			"from": [12, 4, 4],
			"to": [13, 8, 13],
			"faces": {
				"north": {"uv": [7, 0, 7.5, 2], "texture": "#0"},
				"east": {"uv": [11, 0, 15.5, 2], "texture": "#0"},
				"south": {"uv": [7, 0, 7.5, 2], "texture": "#0"},
				"west": {"uv": [7, 0, 11, 2], "texture": "#0"},
				"up": {"uv": [7, 1, 11.5, 1.5], "rotation": 90, "texture": "#0"},
				"down": {"uv": [7, 0.5, 11, 1], "rotation": 90, "texture": "#0"}
			}
		},
		{
			"from": [4, 4, 11],
			"to": [12, 8, 14],
			"faces": {
				"north": {"uv": [7, 0, 11, 2], "texture": "#0"},
				"east": {"uv": [7, 0, 8.5, 2], "texture": "#0"},
				"south": {"uv": [7, 0, 11, 2], "texture": "#0"},
				"west": {"uv": [9.5, 0, 11, 2], "texture": "#0"},
				"up": {"uv": [7, 0, 11, 1.5], "texture": "#0"},
				"down": {"uv": [7, 0, 11, 1.5], "texture": "#0"}
			}
		},
		{
			"from": [3, 8, 12],
			"to": [13, 18, 16],
			"faces": {
				"north": {"uv": [0, 0, 5, 5], "texture": "#0"},
				"east": {"uv": [5, 0, 7, 5], "texture": "#0"},
				"south": {"uv": [0, 0, 5, 5], "texture": "#0"},
				"west": {"uv": [5, 0, 7, 5], "texture": "#0"},
				"up": {"uv": [5, 0, 7, 5], "rotation": 90, "texture": "#0"},
				"down": {"uv": [5, 0, 7, 5], "rotation": 90, "texture": "#0"}
			}
		},
		{
			"from": [7, 18.25, 13],
			"to": [9, 18.25, 15],
			"faces": {
				"north": {"uv": [0, 0, 0.5, 0.5], "texture": "#0"},
				"east": {"uv": [0, 0, 0.5, 0.5], "texture": "#0"},
				"south": {"uv": [0, 0, 0, 0.5], "texture": "#0"},
				"west": {"uv": [0, 0, 0.75, 0.25], "texture": "#0"},
				"up": {"uv": [0, 0, 1, 1], "texture": "#0"},
				"down": {"uv": [0, 0, 1, 1], "texture": "#0"}
			}
		},
		{
			"from": [4, 3, 4],
			"to": [12, 4, 13],
			"faces": {
				"north": {"uv": [7, 0.5, 11, 1], "texture": "#0"},
				"east": {"uv": [7, 0.5, 11, 1], "texture": "#0"},
				"south": {"uv": [7, 0.5, 11, 1], "texture": "#0"},
				"west": {"uv": [7, 0.5, 11, 1], "texture": "#0"},
				"up": {"uv": [0, 5, 4, 9.5], "texture": "#0"},
				"down": {"uv": [0.5, 0.5, 4.5, 5], "texture": "#0"}
			}
		},
		{
			"from": [4, 4, 3],
			"to": [12, 8, 5],
			"faces": {
				"north": {"uv": [7, 0, 11, 2], "texture": "#0"},
				"east": {"uv": [7, 0, 7.5, 2], "texture": "#0"},
				"south": {"uv": [7, 0, 11, 2], "texture": "#0"},
				"west": {"uv": [7, 0, 7.5, 2], "texture": "#0"},
				"up": {"uv": [7, 1, 11, 2], "rotation": 180, "texture": "#0"},
				"down": {"uv": [7, 0.5, 11, 1], "texture": "#0"}
			}
		}
	],
	"display": {
		"thirdperson_righthand": {
			"translation": [0, 2.75, 0],
			"scale": [0.5, 0.5, 0.5]
		},
		"thirdperson_lefthand": {
			"rotation": [38.75, 0, 41],
			"translation": [-6, 5.25, 0]
		},
		"firstperson_righthand": {
			"rotation": [0, 119.5, 0],
			"scale": [0.6, 0.6, 0.6]
		},
		"firstperson_lefthand": {
			"rotation": [0, 125.5, 0],
			"translation": [1.25, 0.75, 0],
			"scale": [0.6, 0.6, 0.6]
		},
		"ground": {
			"translation": [0, 1.5, 0],
			"scale": [0.3, 0.3, 0.3]
		},
		"gui": {
			"rotation": [30, 135, 0],
			"translation": [-0.75, -1, 0],
			"scale": [0.6, 0.6, 0.6]
		},
		"head": {
			"scale": [0, 0, 0]
		},
		"fixed": {
			"rotation": [-90, 0, 0],
			"translation": [0, 0, -16],
			"scale": [2, 2, 2]
		}
	}
}