{
	"format_version": "1.21.6",
	"credit": "Made with Blockbench",
	"texture_size": [64, 64],
	"textures": {
		"0": "item/decorations/modern/shop/shop_checkout_black",
		"particle": "item/decorations/modern/shop/shop_checkout_black"
	},
	"elements": [
		{
			"from": [1, 0, 2],
			"to": [25, 12, 3],
			"faces": {
				"north": {"uv": [0, 0, 6, 3], "texture": "#0"},
				"east": {"uv": [0, 0, 0.25, 3], "texture": "#0"},
				"south": {"uv": [0, 0, 6, 3], "texture": "#0"},
				"west": {"uv": [0, 0, 0.25, 3], "texture": "#0"},
				"up": {"uv": [0, 0, 6, 0.25], "texture": "#0"},
				"down": {"uv": [0, 0, 6, 0.25], "texture": "#0"}
			}
		},
		{
			"from": [1, 0, 3],
			"to": [2, 12, 16],
			"faces": {
				"north": {"uv": [0, 0, 0.5, 6], "texture": "#missing"},
				"east": {"uv": [0.25, 3, 3.5, 6], "texture": "#0"},
				"south": {"uv": [0, 3, 0.25, 6], "texture": "#0"},
				"west": {"uv": [0.25, 3, 3.5, 6], "texture": "#0"},
				"up": {"uv": [0, 0, 0.5, 7], "texture": "#missing"},
				"down": {"uv": [0, 3, 3.5, 3.25], "rotation": 90, "texture": "#0"}
			}
		},
		{
			"from": [24, 0, 3],
			"to": [25, 12, 16],
			"faces": {
				"north": {"uv": [0, 0, 0.5, 6], "texture": "#missing"},
				"east": {"uv": [0.25, 3, 3.5, 6], "texture": "#0"},
				"south": {"uv": [0, 3, 0.25, 6], "texture": "#0"},
				"west": {"uv": [0.25, 3, 3.5, 6], "texture": "#0"},
				"up": {"uv": [0, 0, 0.5, 7], "texture": "#missing"},
				"down": {"uv": [0, 3, 3.5, 3.25], "rotation": 90, "texture": "#0"}
			}
		},
		{
			"from": [-13, 1, 5],
			"to": [-7, 12, 11],
			"faces": {
				"north": {"uv": [3.75, 3, 5.25, 5.75], "texture": "#0"},
				"east": {"uv": [3.75, 3, 5.25, 5.75], "texture": "#0"},
				"south": {"uv": [3.75, 3, 5.25, 5.75], "texture": "#0"},
				"west": {"uv": [3.75, 3, 5.25, 5.75], "texture": "#0"},
				"up": {"uv": [0, 0, 3, 3], "texture": "#missing"},
				"down": {"uv": [0, 0, 3, 3], "texture": "#missing"}
			}
		},
		{
			"from": [-14, 0, 4],
			"to": [-6, 1, 12],
			"faces": {
				"north": {"uv": [12, 0, 14, 0.25], "texture": "#0"},
				"east": {"uv": [12, 0, 14, 0.25], "texture": "#0"},
				"south": {"uv": [12, 0, 14, 0.25], "texture": "#0"},
				"west": {"uv": [12, 0, 14, 0.25], "texture": "#0"},
				"up": {"uv": [12, 0, 14, 2], "texture": "#0"},
				"down": {"uv": [12, 0, 14, 2], "texture": "#0"}
			}
		},
		{
			"from": [25, 0, 1],
			"to": [26, 1, 16],
			"faces": {
				"north": {"uv": [6, 0, 6.25, 0.25], "texture": "#0"},
				"east": {"uv": [6, 0, 9.75, 0.25], "rotation": 180, "texture": "#0"},
				"south": {"uv": [6, 0, 6.25, 0.25], "texture": "#0"},
				"west": {"uv": [0, 0, 3.75, 0.25], "texture": "#missing"},
				"up": {"uv": [6, 0, 9.75, 0.25], "rotation": 90, "texture": "#0"},
				"down": {"uv": [6, 0.25, 9.75, 0], "rotation": 270, "texture": "#0"}
			}
		},
		{
			"from": [0, 0, 1],
			"to": [1, 1, 16],
			"faces": {
				"north": {"uv": [6, 0, 6.25, 0.25], "texture": "#0"},
				"east": {"uv": [6, 0, 9.75, 0.25], "rotation": 180, "texture": "#0"},
				"south": {"uv": [6, 0, 6.25, 0.25], "texture": "#0"},
				"west": {"uv": [6, 0, 9.75, 0.25], "texture": "#0"},
				"up": {"uv": [6, 0, 9.75, 0.25], "rotation": 90, "texture": "#0"},
				"down": {"uv": [6, 0.25, 9.75, 0], "rotation": 270, "texture": "#0"}
			}
		},
		{
			"from": [1, 0, 1],
			"to": [25, 1, 2],
			"faces": {
				"north": {"uv": [6, 0, 12, 0.25], "texture": "#0"},
				"east": {"uv": [0, 0, 0.5, 0.5], "texture": "#missing"},
				"south": {"uv": [0, 0, 8, 0.5], "texture": "#missing"},
				"west": {"uv": [0, 0, 0.5, 0.5], "texture": "#missing"},
				"up": {"uv": [6, 0, 12, 0.25], "texture": "#0"},
				"down": {"uv": [6, 0, 12, 0.25], "texture": "#0"}
			}
		},
		{
			"from": [1, 12, 0],
			"to": [30, 16, 16],
			"faces": {
				"north": {"uv": [0, 6, 7.25, 7], "texture": "#0"},
				"east": {"uv": [0, 7, 4, 8], "texture": "#0"},
				"south": {"uv": [0, 8.75, 7.25, 9.75], "texture": "#0"},
				"west": {"uv": [0, 0, 8, 2], "texture": "#missing"},
				"up": {"uv": [4.75, 12, 12, 16], "texture": "#0"},
				"down": {"uv": [4.75, 12, 12, 16], "texture": "#0"}
			}
		},
		{
			"from": [-16, 12, 0],
			"to": [1, 13, 20],
			"faces": {
				"north": {"uv": [0, 6.75, 4.5, 7], "rotation": 180, "texture": "#0"},
				"east": {"uv": [0, 8, 5, 7.75], "texture": "#0"},
				"south": {"uv": [0, 7, 4.5, 7.25], "texture": "#0"},
				"west": {"uv": [0, 11, 0.25, 16], "rotation": 90, "texture": "#0"},
				"up": {"uv": [11.5, 6.75, 15.75, 11.75], "texture": "#0"},
				"down": {"uv": [0, 11, 4.25, 16], "texture": "#0"}
			}
		},
		{
			"from": [-16, 13, 0],
			"to": [1, 16, 1],
			"faces": {
				"north": {"uv": [7.5, 6, 11.75, 6.75], "texture": "#0"},
				"east": {"uv": [0, 0, 0.5, 1.5], "texture": "#missing"},
				"south": {"uv": [5, 11.25, 9.25, 12], "texture": "#0"},
				"west": {"uv": [0, 7, 0.25, 7.75], "texture": "#0"},
				"up": {"uv": [0, 7.75, 4.25, 8], "texture": "#0"},
				"down": {"uv": [0, 0, 8, 0.5], "texture": "#missing"}
			}
		},
		{
			"from": [15, 16, 1],
			"to": [16, 19, 4],
			"faces": {
				"north": {"uv": [0, 0, 0.5, 1.5], "texture": "#missing"},
				"east": {"uv": [0, 11, 0.75, 11.75], "texture": "#0"},
				"south": {"uv": [0.75, 11.25, 0, 11.5], "rotation": 270, "texture": "#0"},
				"west": {"uv": [8.75, 11, 9.5, 11.75], "texture": "#0"},
				"up": {"uv": [0, 11.5, 0.75, 11.75], "rotation": 90, "texture": "#0"},
				"down": {"uv": [0, 0, 0.5, 1.5], "texture": "#missing"}
			}
		},
		{
			"from": [0, 16, 1],
			"to": [1, 19, 4],
			"faces": {
				"north": {"uv": [0, 0, 0.5, 1.5], "texture": "#missing"},
				"east": {"uv": [0, 11, 0.75, 11.75], "texture": "#0"},
				"south": {"uv": [0.75, 11.25, 0, 11.5], "rotation": 270, "texture": "#0"},
				"west": {"uv": [8.75, 11, 9.5, 11.75], "texture": "#0"},
				"up": {"uv": [0, 11.5, 0.75, 11.75], "rotation": 90, "texture": "#0"},
				"down": {"uv": [0, 0, 0.5, 1.5], "texture": "#missing"}
			}
		},
		{
			"from": [0, 16, 0],
			"to": [16, 19, 1],
			"faces": {
				"north": {"uv": [0, 8, 4, 8.75], "texture": "#0"},
				"east": {"uv": [5.75, 11, 6, 11.75], "texture": "#0"},
				"south": {"uv": [0, 11.5, 0.75, 15.5], "rotation": 90, "texture": "#0"},
				"west": {"uv": [5.75, 11, 6, 11.75], "texture": "#0"},
				"up": {"uv": [0, 11.5, 0.25, 15.5], "rotation": 90, "texture": "#0"},
				"down": {"uv": [0, 0, 8, 0.5], "texture": "#missing"}
			}
		},
		{
			"from": [-16, 13, 19],
			"to": [1, 16, 20],
			"faces": {
				"north": {"uv": [5, 11.25, 9.25, 12], "texture": "#0"},
				"east": {"uv": [0, 7, 0.25, 7.75], "texture": "#0"},
				"south": {"uv": [0, 7, 4.25, 7.75], "texture": "#0"},
				"west": {"uv": [4.75, 7, 5, 7.75], "texture": "#0"},
				"up": {"uv": [0, 7.75, 4.25, 8], "texture": "#0"},
				"down": {"uv": [0, 0, 8, 0.5], "texture": "#missing"}
			}
		},
		{
			"from": [-16, 13, 1],
			"to": [-15, 16, 19],
			"faces": {
				"north": {"uv": [0, 0, 0.5, 1.5], "texture": "#missing"},
				"east": {"uv": [0, 11.5, 0.75, 16], "rotation": 90, "texture": "#0"},
				"south": {"uv": [0, 0, 0.5, 1.5], "texture": "#missing"},
				"west": {"uv": [0.25, 7, 4.75, 7.75], "texture": "#0"},
				"up": {"uv": [0, 7.75, 4.5, 8], "rotation": 90, "texture": "#0"},
				"down": {"uv": [0, 0, 0.5, 8], "texture": "#missing"}
			}
		},
		{
			"from": [0, 13, 1],
			"to": [1, 16, 19],
			"faces": {
				"north": {"uv": [0, 0, 0.5, 1.5], "texture": "#missing"},
				"east": {"uv": [0.25, 7, 4.75, 7.75], "texture": "#0"},
				"south": {"uv": [0, 0, 0.5, 1.5], "texture": "#missing"},
				"west": {"uv": [0, 11.25, 0.75, 15.75], "rotation": 90, "texture": "#0"},
				"up": {"uv": [0.25, 7.75, 4.75, 8], "rotation": 90, "texture": "#0"},
				"down": {"uv": [0, 0, 0.5, 8], "texture": "#missing"}
			}
		}
	],
	"display": {
		"thirdperson_righthand": {
			"scale": [0.2, 0.2, 0.2]
		},
		"thirdperson_lefthand": {
			"scale": [0.2, 0.2, 0.2]
		},
		"firstperson_righthand": {
			"translation": [0, 2.5, 0],
			"scale": [0.2, 0.2, 0.2]
		},
		"firstperson_lefthand": {
			"translation": [0, 2.5, 0],
			"scale": [0.2, 0.2, 0.2]
		},
		"ground": {
			"translation": [0, 2, 0],
			"scale": [0.2, 0.2, 0.2]
		},
		"gui": {
			"rotation": [30, 135, 0],
			"translation": [-0.25, 0, 0],
			"scale": [0.3, 0.3, 0.3]
		},
		"head": {
			"scale": [0, 0, 0]
		},
		"fixed": {
			"rotation": [-90, 0, 0],
			"translation": [0, 0, -16],
			"scale": [2, 2, 2]
		}
	}
}