{
  "model": {
    "type": "select",
    "property": "custom_model_data",
    "fallback": {
      "type": "model",
      "model": "item/bread"
    },
    "cases": [
      {
        "when": "fried_chicken",
        "model": {
          "type": "model",
          "model": "item/food/fried_chicken"
        }
      },
      {
        "when": "cake_red_1",
        "model": {
          "type": "model",
          "model": "item/food/cake_red_1"
        }
      },
      {
        "when": "cake_red_2",
        "model": {
          "type": "model",
          "model": "item/food/cake_red_2"
        }
      },
      {
        "when": "cake_red_3",
        "model": {
          "type": "model",
          "model": "item/food/cake_red_3"
        }
      },
      {
        "when": "hamburger",
        "model": {
          "type": "model",
          "model": "item/food/burgers/hamburger"
        }
      },
      {
        "when": "cheese_1",
        "model": {
          "type": "model",
          "model": "item/food/cheese_1"
        }
      },
      {
        "when": "cheese_2",
        "model": {
          "type": "model",
          "model": "item/food/cheese_2"
        }
      },
      {
        "when": "poop",
        "model": {
          "type": "model",
          "model": "item/food/poop"
        }
      }
    ]
  }
}