{
  "model": {
    "type": "select",
    "property": "custom_model_data",
    "fallback": {
      "type": "model",
      "model": "item/paper"
    },
    "cases": [
      {
        "when": "oak_chair",
        "model": {
          "type": "model",
          "model": "item/furniture/craftable/oak_chair"
        }
      },
      {
        "when": "oak_table1x1",
        "model": {
          "type": "model",
          "model": "item/furniture/craftable/oak_table1x1"
        }
      },
      {
        "when": "oak_table2x1",
        "model": {
          "type": "model",
          "model": "item/furniture/craftable/oak_table2x1"
        }
      },
      {
        "when": "silver_chandelier_1",
        "model": {
          "type": "model",
          "model": "item/decorations/craftable/silver_chandelier_1"
        }
      },
      {
        "when": "decorations_assembler",
        "model": {
          "type": "model",
          "model": "block/interactable/decorations_assembler"
        }
      },
      {
        "when": "silver_ore",
        "model": {
          "type": "model",
          "model": "block/minerals/silver_ore"
        }
      },
      {
        "when": "silver_ingot",
        "model": {
          "type": "model",
          "model": "item/minerals/silver_ingot"
        }
      },
      {
        "when": "silver_raw",
        "model": {
          "type": "model",
          "model": "item/minerals/silver_raw"
        }
      },
      {
        "when": "oil_ore",
        "model": {
          "type": "model",
          "model": "block/minerals/oil_ore"
        }
      },
      {
        "when": "deepslate_oil_ore",
        "model": {
          "type": "model",
          "model": "block/minerals/deepslate_oil_ore"
        }
      },
      {
        "when": "oil_raw",
        "model": {
          "type": "model",
          "model": "item/minerals/oil_raw"
        }
      },
      {
        "when": "oil_bucket",
        "model": {
          "type": "model",
          "model": "item/minerals/oil_bucket"
        }
      },
      {
        "when": "plastic",
        "model": {
          "type": "model",
          "model": "item/parts/plastic"
        }
      },
      {
        "when": "1",
        "model": {
          "type": "model",
          "model": "item/ui/no"
        }
      },
      {
        "when": "2",
        "model": {
          "type": "model",
          "model": "item/ui/yes"
        }
      },
      {
        "when": "3",
        "model": {
          "type": "model",
          "model": "item/ui/forward"
        }
      },
      {
        "when": "4",
        "model": {
          "type": "model",
          "model": "item/ui/back"
        }
      }
    ]
  }
}