{
  "model": {
    "type": "select",
    "property": "custom_model_data",
    "fallback": {
      "type": "model",
      "model": "item/paper"
    },
    "cases": [
      {
        "when": "oak_chair",
        "model": {
          "type": "model",
          "model": "item/furniture/craftable/oak_chair"
        }
      },
      {
        "when": "oak_table1x1",
        "model": {
          "type": "model",
          "model": "item/furniture/craftable/oak_table1x1"
        }
      },
      {
        "when": "oak_table2x1",
        "model": {
          "type": "model",
          "model": "item/furniture/craftable/oak_table2x1"
        }
      },
      {
        "when": "silver_chandelier_1",
        "model": {
          "type": "model",
          "model": "item/decorations/craftable/silver_chandelier_1"
        }
      },
      {
        "when": "decorations_assembler",
        "model": {
          "type": "model",
          "model": "block/interactable/decorations_assembler"
        }
      },
      {
        "when": "silver_ore",
        "model": {
          "type": "model",
          "model": "block/minerals/silver_ore"
        }
      },
      {
        "when": "silver_ingot",
        "model": {
          "type": "model",
          "model": "item/minerals/silver_ingot"
        }
      },
      {
        "when": "silver_raw",
        "model": {
          "type": "model",
          "model": "item/minerals/silver_raw"
        }
      },
      {
        "when": "oil_ore",
        "model": {
          "type": "model",
          "model": "block/minerals/oil_ore"
        }
      },
      {
        "when": "deepslate_oil_ore",
        "model": {
          "type": "model",
          "model": "block/minerals/deepslate_oil_ore"
        }
      },
      {
        "when": "oil_raw",
        "model": {
          "type": "model",
          "model": "item/minerals/oil_raw"
        }
      },
      {
        "when": "oil_bucket",
        "model": {
          "type": "model",
          "model": "item/minerals/oil_bucket"
        }
      },
      {
        "when": "plastic",
        "model": {
          "type": "model",
          "model": "item/parts/plastic"
        }
      },
      {
        "when": "no",
        "model": {
          "type": "model",
          "model": "item/ui/no"
        }
      },
      {
        "when": "yes",
        "model": {
          "type": "model",
          "model": "item/ui/yes"
        }
      },
      {
        "when": "forward",
        "model": {
          "type": "model",
          "model": "item/ui/forward"
        }
      },
      {
        "when": "back",
        "model": {
          "type": "model",
          "model": "item/ui/back"
        }
      },
      {
        "when": "antique_double_table",
        "model": {
          "type": "model",
          "model": "item/decorations/antique/antique_double_table"
        }
      },
      {
        "when": "shop_checkout_blue",
        "model": {
          "type": "model",
          "model": "item/decorations/modern/shop/shop_checkout_blue"
        }
      },
      {
        "when": "shop_checkout_red",
        "model": {
          "type": "model",
          "model": "item/decorations/modern/shop/shop_checkout_red"
        }
      },
      {
        "when": "shop_checkout_green",
        "model": {
          "type": "model",
          "model": "item/decorations/modern/shop/shop_checkout_green"
        }
      },
      {
        "when": "shop_checkout_white",
        "model": {
          "type": "model",
          "model": "item/decorations/modern/shop/shop_checkout_white"
        }
      },
      {
        "when": "shop_checkout_gray",
        "model": {
          "type": "model",
          "model": "item/decorations/modern/shop/shop_checkout_gray"
        }
      },
      {
        "when": "shop_checkout_black",
        "model": {
          "type": "model",
          "model": "item/decorations/modern/shop/shop_checkout_black"
        }
      },
      {
        "when": "shop_checkout_brown",
        "model": {
          "type": "model",
          "model": "item/decorations/modern/shop/shop_checkout_brown"
        }
      },
      {
        "when": "shop_checkout_orange",
        "model": {
          "type": "model",
          "model": "item/decorations/modern/shop/shop_checkout_orange"
        }
      },
      {
        "when": "shop_checkout_lightblue",
        "model": {
          "type": "model",
          "model": "item/decorations/modern/shop/shop_checkout_lightblue"
        }
      },
      {
        "when": "shop_checkout_pink",
        "model": {
          "type": "model",
          "model": "item/decorations/modern/shop/shop_checkout_pink"
        }
      },
      {
        "when": "shop_checkout_magenta",
        "model": {
          "type": "model",
          "model": "item/decorations/modern/shop/shop_checkout_magenta"
        }
      },
      {
        "when": "shop_checkout_lime",
        "model": {
          "type": "model",
          "model": "item/decorations/modern/shop/shop_checkout_lime"
        }
      },
      {
        "when": "shop_checkout_lightgray",
        "model": {
          "type": "model",
          "model": "item/decorations/modern/shop/shop_checkout_lightgray"
        }
      },
      {
        "when": "shop_checkout_purple",
        "model": {
          "type": "model",
          "model": "item/decorations/modern/shop/shop_checkout_purple"
        }
      },
      {
        "when": "shop_checkout_yellow",
        "model": {
          "type": "model",
          "model": "item/decorations/modern/shop/shop_checkout_yellow"
        }
      },
      {
        "when": "shop_checkout_cyan",
        "model": {
          "type": "model",
          "model": "item/decorations/modern/shop/shop_checkout_cyan"
        }
      },
      {
        "when": "grandfather_clock",
        "model": {
          "type": "model",
          "model": "item/decorations/grandfather_clock"
        }
      },
      {
        "when": "cola_2",
        "model": {
          "type": "model",
          "model": "item/food/cola_2"
        }
      },
      {
        "when": "cola_3",
        "model": {
          "type": "model",
          "model": "item/food/cola_3"
        }
      },
      {
        "when": "cola_4",
        "model": {
          "type": "model",
          "model": "item/food/cola_4"
        }
      },
      {
        "when": "milk_2",
        "model": {
          "type": "model",
          "model": "item/food/milk_2"
        }
      },
      {
        "when": "milk_3",
        "model": {
          "type": "model",
          "model": "item/food/milk_3"
        }
      },
      {
        "when": "milk_4",
        "model": {
          "type": "model",
          "model": "item/food/milk_4"
        }
      },
      {
        "when": "toilet",
        "model": {
          "type": "model",
          "model": "item/furniture/modern/toilet"
        }
      },
      {
        "when": "golden_toilet",
        "model": {
          "type": "model",
          "model": "item/furniture/modern/golden_toilet"
        }
      },
      {
        "when": "spruce_park_bench",
        "model": {
          "type": "model",
          "model": "item/furniture/craftable/spruce_park_bench"
        }
      },
      {
        "when": "bar_stool_black",
        "model": {
          "type": "model",
          "model": "item/furniture/craftable/bar_stool_black"
        }
      },
      {
        "when": "bar_stool_blue",
        "model": {
          "type": "model",
          "model": "item/furniture/craftable/bar_stool_blue"
        }
      },
      {
        "when": "bar_stool_cyan",
        "model": {
          "type": "model",
          "model": "item/furniture/craftable/bar_stool_cyan"
        }
      },
      {
        "when": "bar_stool_green",
        "model": {
          "type": "model",
          "model": "item/furniture/craftable/bar_stool_green"
        }
      },
      {
        "when": "bar_stool_orange",
        "model": {
          "type": "model",
          "model": "item/furniture/craftable/bar_stool_orange"
        }
      },
      {
        "when": "bar_stool_pink",
        "model": {
          "type": "model",
          "model": "item/furniture/craftable/bar_stool_pink"
        }
      },
      {
        "when": "bar_stool_purple",
        "model": {
          "type": "model",
          "model": "item/furniture/craftable/bar_stool_purple"
        }
      },
      {
        "when": "bar_stool_red",
        "model": {
          "type": "model",
          "model": "item/furniture/craftable/bar_stool_red"
        }
      },
      {
        "when": "bar_stool_white",
        "model": {
          "type": "model",
          "model": "item/furniture/craftable/bar_stool_white"
        }
      },
      {
        "when": "bar_stool_yellow",
        "model": {
          "type": "model",
          "model": "item/furniture/craftable/bar_stool_yellow"
        }
      },
      {
        "when": "bar_stool_lightgray",
        "model": {
          "type": "model",
          "model": "item/furniture/craftable/bar_stool_lightgray"
        }
      },
      {
        "when": "bar_stool_gray",
        "model": {
          "type": "model",
          "model": "item/furniture/craftable/bar_stool_gray"
        }
      },
      {
        "when": "bar_stool_brown",
        "model": {
          "type": "model",
          "model": "item/furniture/craftable/bar_stool_brown"
        }
      },
      {
        "when": "bar_stool_lime",
        "model": {
          "type": "model",
          "model": "item/furniture/craftable/bar_stool_lime"
        }
      },
      {
        "when": "bar_stool_lightblue",
        "model": {
          "type": "model",
          "model": "item/furniture/craftable/bar_stool_lightblue"
        }
      },
      {
        "when": "bar_stool_magenta",
        "model": {
          "type": "model",
          "model": "item/furniture/craftable/bar_stool_magenta"
        }
      },
      {
        "when": "bar_table_mini",
        "model": {
          "type": "model",
          "model": "item/furniture/craftable/bar_table_mini"
        }
      },
      {
        "when": "armchair_black",
        "model": {
          "type": "model",
          "model": "item/furniture/modern/armchair_black"
        }
      },
      {
        "when": "armchair_blue",
        "model": {
          "type": "model",
          "model": "item/furniture/modern/armchair_blue"
        }
      },
      {
        "when": "armchair_red",
        "model": {
          "type": "model",
          "model": "item/furniture/modern/armchair_red"
        }
      },
      {
        "when": "armchair_white",
        "model": {
          "type": "model",
          "model": "item/furniture/modern/armchair_white"
        }
      },
      {
        "when": "server_station",
        "model": {
          "type": "model",
          "model": "item/decorations/modern/server_station"
        }
      }
    ]
  }
}